lambda,r_H,mu,gamma,k_p,f_target,mean_friction,mean_transformative_capacity,mean_human_agency,mean_ai_intervention,adaptive_window_fraction,final_friction,final_transformative_capacity,final_human_agency,final_ai_intervention,adaptive_score,agency_compression_score,regime
0.005,0.005,0.005,0.4,0.04,0.15,0.17284381164150311,0.1299425319129665,1.0,0.8387270143062798,0.079,0.15099727299073207,0.0857054262753324,1.0,0.9137125747404958,0.5649712659564833,0.0,capacity_suppression
0.005,0.005,0.005,0.4,0.04,0.35,0.3606102491603087,0.5736124571479915,1.0,0.3732653877194951,1.0,0.35156915287439683,0.5446369683961607,1.0,0.42434720029737166,0.7868062285739957,0.0,intermediate
0.005,0.005,0.005,0.4,0.04,0.55,0.5112608807598698,0.9763105557818663,1.0,0.0,1.0,0.5255990698884567,0.9908537291504635,1.0,0.0,0.9881552778909332,0.0,adaptive_zone
0.005,0.005,0.005,0.4,0.04,0.75,0.5112608807598698,0.9763105557818663,1.0,0.0,1.0,0.5255990698884567,0.9908537291504635,1.0,0.0,0.9881552778909332,0.0,adaptive_zone
0.005,0.005,0.005,0.4,0.08,0.15,0.16142427517637328,0.1073112772786126,1.0,0.8667561497804177,0.039,0.15048321312687601,0.0851642263682873,1.0,0.913903357059713,0.5536556386393063,0.0,capacity_suppression
0.005,0.005,0.005,0.4,0.08,0.35,0.3553190877999669,0.5565419632923496,1.0,0.38610788186520495,1.0,0.35078058239299764,0.5420077689990356,1.0,0.4254645774059147,0.7782709816461748,0.0,intermediate
0.005,0.005,0.005,0.4,0.08,0.55,0.5112608807598698,0.9763105557818663,1.0,0.0,1.0,0.5255990698884567,0.9908537291504635,1.0,0.0,0.9881552778909332,0.0,adaptive_zone
0.005,0.005,0.005,0.4,0.08,0.75,0.5112608807598698,0.9763105557818663,1.0,0.0,1.0,0.5255990698884567,0.9908537291504635,1.0,0.0,0.9881552778909332,0.0,adaptive_zone
0.005,0.005,0.005,0.4,0.16,0.15,0.15571244290742936,0.09601898268585939,1.0,0.8807589314623087,0.019,0.15023779179019447,0.08490681024664234,1.0,0.9139528185022696,0.5480094913429296,0.0,capacity_suppression
0.005,0.005,0.005,0.4,0.16,0.35,0.35266284501688766,0.547970029148106,1.0,0.39253545879872576,1.0,0.35038927602729125,0.5407039643734789,1.0,0.42599291853766774,0.773985014574053,0.0,intermediate
0.005,0.005,0.005,0.4,0.16,0.55,0.5112608807598698,0.9763105557818663,1.0,0.0,1.0,0.5255990698884567,0.9908537291504635,1.0,0.0,0.9881552778909332,0.0,adaptive_zone
0.005,0.005,0.005,0.4,0.16,0.75,0.5112608807598698,0.9763105557818663,1.0,0.0,1.0,0.5255990698884567,0.9908537291504635,1.0,0.0,0.9881552778909332,0.0,adaptive_zone
0.005,0.005,0.005,0.8,0.04,0.15,0.16142427517637328,0.1073112772786126,1.0,0.43337807489020885,0.039,0.15048321312687601,0.0851642263682873,1.0,0.4569516785298565,0.5536556386393063,0.0,capacity_suppression
0.005,0.005,0.005,0.8,0.04,0.35,0.3553190877999669,0.5565419632923496,1.0,0.19305394093260247,1.0,0.35078058239299764,0.5420077689990356,1.0,0.21273228870295735,0.7782709816461748,0.0,intermediate
0.005,0.005,0.005,0.8,0.04,0.55,0.5112608807598698,0.9763105557818663,1.0,0.0,1.0,0.5255990698884567,0.9908537291504635,1.0,0.0,0.9881552778909332,0.0,adaptive_zone
0.005,0.005,0.005,0.8,0.04,0.75,0.5112608807598698,0.9763105557818663,1.0,0.0,1.0,0.5255990698884567,0.9908537291504635,1.0,0.0,0.9881552778909332,0.0,adaptive_zone
0.005,0.005,0.005,0.8,0.08,0.15,0.15571244290742936,0.09601898268585939,1.0,0.44037946573115433,0.019,0.15023779179019447,0.08490681024664234,1.0,0.4569764092511348,0.5480094913429296,0.0,capacity_suppression
0.005,0.005,0.005,0.8,0.08,0.35,0.35266284501688766,0.547970029148106,1.0,0.19626772939936288,1.0,0.35038927602729125,0.5407039643734789,1.0,0.21299645926883387,0.773985014574053,0.0,intermediate
0.005,0.005,0.005,0.8,0.08,0.55,0.5112608807598698,0.9763105557818663,1.0,0.0,1.0,0.5255990698884567,0.9908537291504635,1.0,0.0,0.9881552778909332,0.0,adaptive_zone
0.005,0.005,0.005,0.8,0.08,0.75,0.5112608807598698,0.9763105557818663,1.0,0.0,1.0,0.5255990698884567,0.9908537291504635,1.0,0.0,0.9881552778909332,0.0,adaptive_zone
0.005,0.005,0.005,0.8,0.16,0.15,0.15285626218471596,0.09037807551702569,1.0,0.44387828008348623,0.01,0.15011794662427752,0.08478133335149939,1.0,0.4569830780946688,0.5451890377585128,0.0,capacity_suppression
0.005,0.005,0.005,0.8,0.16,0.35,0.35133222382206614,0.5436744341976644,1.0,0.19787503849711113,1.0,0.35019438178402407,0.5400548091479578,1.0,0.2131247104451385,0.7718372170988321,0.0,intermediate
0.005,0.005,0.005,0.8,0.16,0.55,0.5112608807598698,0.9763105557818663,1.0,0.0,1.0,0.5255990698884567,0.9908537291504635,1.0,0.0,0.9881552778909332,0.0,adaptive_zone
0.005,0.005,0.005,0.8,0.16,0.75,0.5112608807598698,0.9763105557818663,1.0,0.0,1.0,0.5255990698884567,0.9908537291504635,1.0,0.0,0.9881552778909332,0.0,adaptive_zone
0.005,0.005,0.005,1.2,0.04,0.15,0.15761648296237615,0.09978138874751778,1.0,0.2920307972787951,0.026,0.15031874759601854,0.08499165405808869,1.0,0.30464656859120576,0.5498906943737589,0.0,capacity_suppression
0.005,0.005,0.005,1.2,0.04,0.35,0.3535490116610183,0.5508300133358539,1.0,0.13013087636535015,1.0,0.3505194877106974,0.541137755681222,1.0,0.14193968693230527,0.775415006667927,0.0,intermediate
0.005,0.005,0.005,1.2,0.04,0.55,0.5112608807598698,0.9763105557818663,1.0,0.0,1.0,0.5255990698884567,0.9908537291504635,1.0,0.0,0.9881552778909332,0.0,adaptive_zone
0.005,0.005,0.005,1.2,0.04,0.75,0.5112608807598698,0.9763105557818663,1.0,0.0,1.0,0.5255990698884567,0.9908537291504635,1.0,0.0,0.9881552778909332,0.0,adaptive_zone
0.005,0.005,0.005,1.2,0.08,0.15,0.1538083350118219,0.0922581033055281,1.0,0.29514144070271936,0.013,0.1501576836599216,0.08482292130298373,1.0,0.3046541862529584,0.546129051652764,0.0,capacity_suppression
0.005,0.005,0.005,1.2,0.08,0.35,0.351775944710427,0.5451071763606504,1.0,0.1315595008860135,1.0,0.3502592898788566,0.5402709892641708,1.0,0.1420548336438504,0.7725535881803252,0.0,intermediate
0.005,0.005,0.005,1.2,0.08,0.55,0.5112608807598698,0.9763105557818663,1.0,0.0,1.0,0.5255990698884567,0.9908537291504635,1.0,0.0,0.9881552778909332,0.0,adaptive_zone
0.005,0.005,0.005,1.2,0.08,0.75,0.5112608807598698,0.9763105557818663,1.0,0.0,1.0,0.5255990698884567,0.9908537291504635,1.0,0.0,0.9881552778909332,0.0,adaptive_zone
0.005,0.005,0.005,1.2,0.16,0.15,0.15190418026369354,0.08849800455381665,1.0,0.2966961570464991,0.006,0.15007842049350623,0.08473998225980899,1.0,0.3046562949120072,0.5442490022769083,0.0,capacity_suppression
0.005,0.005,0.005,1.2,0.16,0.35,0.35088832477931253,0.5422402400712212,1.0,0.1322738852081907,1.0,0.3501295305496024,0.5398388346911991,1.0,0.1421112398020749,0.7711201200356106,0.0,intermediate
0.005,0.005,0.005,1.2,0.16,0.55,0.5112608807598698,0.9763105557818663,1.0,0.0,1.0,0.5255990698884567,0.9908537291504635,1.0,0.0,0.9881552778909332,0.0,adaptive_zone
0.005,0.005,0.005,1.2,0.16,0.75,0.5112608807598698,0.9763105557818663,1.0,0.0,1.0,0.5255990698884567,0.9908537291504635,1.0,0.0,0.9881552778909332,0.0,adaptive_zone
0.005,0.005,0.025,0.4,0.04,0.15,0.17284381164150311,0.1299425319129665,1.0,0.8387270143062798,0.079,0.15099727299073207,0.0857054262753324,1.0,0.9137125747404958,0.5649712659564833,0.0,capacity_suppression
0.005,0.005,0.025,0.4,0.04,0.35,0.3606102491603087,0.5736124571479915,1.0,0.3732653877194951,1.0,0.35156915287439683,0.5446369683961607,1.0,0.42434720029737166,0.7868062285739957,0.0,intermediate
0.005,0.005,0.025,0.4,0.04,0.55,0.5112608807598698,0.9763105557818663,1.0,0.0,1.0,0.5255990698884567,0.9908537291504635,1.0,0.0,0.9881552778909332,0.0,adaptive_zone
0.005,0.005,0.025,0.4,0.04,0.75,0.5112608807598698,0.9763105557818663,1.0,0.0,1.0,0.5255990698884567,0.9908537291504635,1.0,0.0,0.9881552778909332,0.0,adaptive_zone
0.005,0.005,0.025,0.4,0.08,0.15,0.16142427517637328,0.1073112772786126,1.0,0.8667561497804177,0.039,0.15048321312687601,0.0851642263682873,1.0,0.913903357059713,0.5536556386393063,0.0,capacity_suppression
0.005,0.005,0.025,0.4,0.08,0.35,0.3553190877999669,0.5565419632923496,1.0,0.38610788186520495,1.0,0.35078058239299764,0.5420077689990356,1.0,0.4254645774059147,0.7782709816461748,0.0,intermediate
0.005,0.005,0.025,0.4,0.08,0.55,0.5112608807598698,0.9763105557818663,1.0,0.0,1.0,0.5255990698884567,0.9908537291504635,1.0,0.0,0.9881552778909332,0.0,adaptive_zone
0.005,0.005,0.025,0.4,0.08,0.75,0.5112608807598698,0.9763105557818663,1.0,0.0,1.0,0.5255990698884567,0.9908537291504635,1.0,0.0,0.9881552778909332,0.0,adaptive_zone
0.005,0.005,0.025,0.4,0.16,0.15,0.15571244290742936,0.09601898268585939,1.0,0.8807589314623087,0.019,0.15023779179019447,0.08490681024664234,1.0,0.9139528185022696,0.5480094913429296,0.0,capacity_suppression
0.005,0.005,0.025,0.4,0.16,0.35,0.35266284501688766,0.547970029148106,1.0,0.39253545879872576,1.0,0.35038927602729125,0.5407039643734789,1.0,0.42599291853766774,0.773985014574053,0.0,intermediate
0.005,0.005,0.025,0.4,0.16,0.55,0.5112608807598698,0.9763105557818663,1.0,0.0,1.0,0.5255990698884567,0.9908537291504635,1.0,0.0,0.9881552778909332,0.0,adaptive_zone
0.005,0.005,0.025,0.4,0.16,0.75,0.5112608807598698,0.9763105557818663,1.0,0.0,1.0,0.5255990698884567,0.9908537291504635,1.0,0.0,0.9881552778909332,0.0,adaptive_zone
0.005,0.005,0.025,0.8,0.04,0.15,0.16142427517637328,0.1073112772786126,1.0,0.43337807489020885,0.039,0.15048321312687601,0.0851642263682873,1.0,0.4569516785298565,0.5536556386393063,0.0,capacity_suppression
0.005,0.005,0.025,0.8,0.04,0.35,0.3553190877999669,0.5565419632923496,1.0,0.19305394093260247,1.0,0.35078058239299764,0.5420077689990356,1.0,0.21273228870295735,0.7782709816461748,0.0,intermediate
0.005,0.005,0.025,0.8,0.04,0.55,0.5112608807598698,0.9763105557818663,1.0,0.0,1.0,0.5255990698884567,0.9908537291504635,1.0,0.0,0.9881552778909332,0.0,adaptive_zone
0.005,0.005,0.025,0.8,0.04,0.75,0.5112608807598698,0.9763105557818663,1.0,0.0,1.0,0.5255990698884567,0.9908537291504635,1.0,0.0,0.9881552778909332,0.0,adaptive_zone
0.005,0.005,0.025,0.8,0.08,0.15,0.15571244290742936,0.09601898268585939,1.0,0.44037946573115433,0.019,0.15023779179019447,0.08490681024664234,1.0,0.4569764092511348,0.5480094913429296,0.0,capacity_suppression
0.005,0.005,0.025,0.8,0.08,0.35,0.35266284501688766,0.547970029148106,1.0,0.19626772939936288,1.0,0.35038927602729125,0.5407039643734789,1.0,0.21299645926883387,0.773985014574053,0.0,intermediate
0.005,0.005,0.025,0.8,0.08,0.55,0.5112608807598698,0.9763105557818663,1.0,0.0,1.0,0.5255990698884567,0.9908537291504635,1.0,0.0,0.9881552778909332,0.0,adaptive_zone
0.005,0.005,0.025,0.8,0.08,0.75,0.5112608807598698,0.9763105557818663,1.0,0.0,1.0,0.5255990698884567,0.9908537291504635,1.0,0.0,0.9881552778909332,0.0,adaptive_zone
0.005,0.005,0.025,0.8,0.16,0.15,0.15285626218471596,0.09037807551702569,1.0,0.44387828008348623,0.01,0.15011794662427752,0.08478133335149939,1.0,0.4569830780946688,0.5451890377585128,0.0,capacity_suppression
0.005,0.005,0.025,0.8,0.16,0.35,0.35133222382206614,0.5436744341976644,1.0,0.19787503849711113,1.0,0.35019438178402407,0.5400548091479578,1.0,0.2131247104451385,0.7718372170988321,0.0,intermediate
0.005,0.005,0.025,0.8,0.16,0.55,0.5112608807598698,0.9763105557818663,1.0,0.0,1.0,0.5255990698884567,0.9908537291504635,1.0,0.0,0.9881552778909332,0.0,adaptive_zone
0.005,0.005,0.025,0.8,0.16,0.75,0.5112608807598698,0.9763105557818663,1.0,0.0,1.0,0.5255990698884567,0.9908537291504635,1.0,0.0,0.9881552778909332,0.0,adaptive_zone
0.005,0.005,0.025,1.2,0.04,0.15,0.15761648296237615,0.09978138874751778,1.0,0.2920307972787951,0.026,0.15031874759601854,0.08499165405808869,1.0,0.30464656859120576,0.5498906943737589,0.0,capacity_suppression
0.005,0.005,0.025,1.2,0.04,0.35,0.3535490116610183,0.5508300133358539,1.0,0.13013087636535015,1.0,0.3505194877106974,0.541137755681222,1.0,0.14193968693230527,0.775415006667927,0.0,intermediate
0.005,0.005,0.025,1.2,0.04,0.55,0.5112608807598698,0.9763105557818663,1.0,0.0,1.0,0.5255990698884567,0.9908537291504635,1.0,0.0,0.9881552778909332,0.0,adaptive_zone
0.005,0.005,0.025,1.2,0.04,0.75,0.5112608807598698,0.9763105557818663,1.0,0.0,1.0,0.5255990698884567,0.9908537291504635,1.0,0.0,0.9881552778909332,0.0,adaptive_zone
0.005,0.005,0.025,1.2,0.08,0.15,0.1538083350118219,0.0922581033055281,1.0,0.29514144070271936,0.013,0.1501576836599216,0.08482292130298373,1.0,0.3046541862529584,0.546129051652764,0.0,capacity_suppression
0.005,0.005,0.025,1.2,0.08,0.35,0.351775944710427,0.5451071763606504,1.0,0.1315595008860135,1.0,0.3502592898788566,0.5402709892641708,1.0,0.1420548336438504,0.7725535881803252,0.0,intermediate
0.005,0.005,0.025,1.2,0.08,0.55,0.5112608807598698,0.9763105557818663,1.0,0.0,1.0,0.5255990698884567,0.9908537291504635,1.0,0.0,0.9881552778909332,0.0,adaptive_zone
0.005,0.005,0.025,1.2,0.08,0.75,0.5112608807598698,0.9763105557818663,1.0,0.0,1.0,0.5255990698884567,0.9908537291504635,1.0,0.0,0.9881552778909332,0.0,adaptive_zone
0.005,0.005,0.025,1.2,0.16,0.15,0.15190418026369354,0.08849800455381665,1.0,0.2966961570464991,0.006,0.15007842049350623,0.08473998225980899,1.0,0.3046562949120072,0.5442490022769083,0.0,capacity_suppression
0.005,0.005,0.025,1.2,0.16,0.35,0.35088832477931253,0.5422402400712212,1.0,0.1322738852081907,1.0,0.3501295305496024,0.5398388346911991,1.0,0.1421112398020749,0.7711201200356106,0.0,intermediate
0.005,0.005,0.025,1.2,0.16,0.55,0.5112608807598698,0.9763105557818663,1.0,0.0,1.0,0.5255990698884567,0.9908537291504635,1.0,0.0,0.9881552778909332,0.0,adaptive_zone
0.005,0.005,0.025,1.2,0.16,0.75,0.5112608807598698,0.9763105557818663,1.0,0.0,1.0,0.5255990698884567,0.9908537291504635,1.0,0.0,0.9881552778909332,0.0,adaptive_zone
0.005,0.005,0.06,0.4,0.04,0.15,0.17284381164150311,0.1299425319129665,1.0,0.8387270143062798,0.079,0.15099727299073207,0.0857054262753324,1.0,0.9137125747404958,0.5649712659564833,0.0,capacity_suppression
0.005,0.005,0.06,0.4,0.04,0.35,0.3606102491603087,0.5736124571479915,1.0,0.3732653877194951,1.0,0.35156915287439683,0.5446369683961607,1.0,0.42434720029737166,0.7868062285739957,0.0,intermediate
0.005,0.005,0.06,0.4,0.04,0.55,0.5112608807598698,0.9763105557818663,1.0,0.0,1.0,0.5255990698884567,0.9908537291504635,1.0,0.0,0.9881552778909332,0.0,adaptive_zone
0.005,0.005,0.06,0.4,0.04,0.75,0.5112608807598698,0.9763105557818663,1.0,0.0,1.0,0.5255990698884567,0.9908537291504635,1.0,0.0,0.9881552778909332,0.0,adaptive_zone
0.005,0.005,0.06,0.4,0.08,0.15,0.16142427517637328,0.1073112772786126,1.0,0.8667561497804177,0.039,0.15048321312687601,0.0851642263682873,1.0,0.913903357059713,0.5536556386393063,0.0,capacity_suppression
0.005,0.005,0.06,0.4,0.08,0.35,0.3553190877999669,0.5565419632923496,1.0,0.38610788186520495,1.0,0.35078058239299764,0.5420077689990356,1.0,0.4254645774059147,0.7782709816461748,0.0,intermediate
0.005,0.005,0.06,0.4,0.08,0.55,0.5112608807598698,0.9763105557818663,1.0,0.0,1.0,0.5255990698884567,0.9908537291504635,1.0,0.0,0.9881552778909332,0.0,adaptive_zone
0.005,0.005,0.06,0.4,0.08,0.75,0.5112608807598698,0.9763105557818663,1.0,0.0,1.0,0.5255990698884567,0.9908537291504635,1.0,0.0,0.9881552778909332,0.0,adaptive_zone
0.005,0.005,0.06,0.4,0.16,0.15,0.15571244290742936,0.09601898268585939,1.0,0.8807589314623087,0.019,0.15023779179019447,0.08490681024664234,1.0,0.9139528185022696,0.5480094913429296,0.0,capacity_suppression
0.005,0.005,0.06,0.4,0.16,0.35,0.35266284501688766,0.547970029148106,1.0,0.39253545879872576,1.0,0.35038927602729125,0.5407039643734789,1.0,0.42599291853766774,0.773985014574053,0.0,intermediate
0.005,0.005,0.06,0.4,0.16,0.55,0.5112608807598698,0.9763105557818663,1.0,0.0,1.0,0.5255990698884567,0.9908537291504635,1.0,0.0,0.9881552778909332,0.0,adaptive_zone
0.005,0.005,0.06,0.4,0.16,0.75,0.5112608807598698,0.9763105557818663,1.0,0.0,1.0,0.5255990698884567,0.9908537291504635,1.0,0.0,0.9881552778909332,0.0,adaptive_zone
0.005,0.005,0.06,0.8,0.04,0.15,0.16142427517637328,0.1073112772786126,1.0,0.43337807489020885,0.039,0.15048321312687601,0.0851642263682873,1.0,0.4569516785298565,0.5536556386393063,0.0,capacity_suppression
0.005,0.005,0.06,0.8,0.04,0.35,0.3553190877999669,0.5565419632923496,1.0,0.19305394093260247,1.0,0.35078058239299764,0.5420077689990356,1.0,0.21273228870295735,0.7782709816461748,0.0,intermediate
0.005,0.005,0.06,0.8,0.04,0.55,0.5112608807598698,0.9763105557818663,1.0,0.0,1.0,0.5255990698884567,0.9908537291504635,1.0,0.0,0.9881552778909332,0.0,adaptive_zone
0.005,0.005,0.06,0.8,0.04,0.75,0.5112608807598698,0.9763105557818663,1.0,0.0,1.0,0.5255990698884567,0.9908537291504635,1.0,0.0,0.9881552778909332,0.0,adaptive_zone
0.005,0.005,0.06,0.8,0.08,0.15,0.15571244290742936,0.09601898268585939,1.0,0.44037946573115433,0.019,0.15023779179019447,0.08490681024664234,1.0,0.4569764092511348,0.5480094913429296,0.0,capacity_suppression
0.005,0.005,0.06,0.8,0.08,0.35,0.35266284501688766,0.547970029148106,1.0,0.19626772939936288,1.0,0.35038927602729125,0.5407039643734789,1.0,0.21299645926883387,0.773985014574053,0.0,intermediate
0.005,0.005,0.06,0.8,0.08,0.55,0.5112608807598698,0.9763105557818663,1.0,0.0,1.0,0.5255990698884567,0.9908537291504635,1.0,0.0,0.9881552778909332,0.0,adaptive_zone
0.005,0.005,0.06,0.8,0.08,0.75,0.5112608807598698,0.9763105557818663,1.0,0.0,1.0,0.5255990698884567,0.9908537291504635,1.0,0.0,0.9881552778909332,0.0,adaptive_zone
0.005,0.005,0.06,0.8,0.16,0.15,0.15285626218471596,0.09037807551702569,1.0,0.44387828008348623,0.01,0.15011794662427752,0.08478133335149939,1.0,0.4569830780946688,0.5451890377585128,0.0,capacity_suppression
0.005,0.005,0.06,0.8,0.16,0.35,0.35133222382206614,0.5436744341976644,1.0,0.19787503849711113,1.0,0.35019438178402407,0.5400548091479578,1.0,0.2131247104451385,0.7718372170988321,0.0,intermediate
0.005,0.005,0.06,0.8,0.16,0.55,0.5112608807598698,0.9763105557818663,1.0,0.0,1.0,0.5255990698884567,0.9908537291504635,1.0,0.0,0.9881552778909332,0.0,adaptive_zone
0.005,0.005,0.06,0.8,0.16,0.75,0.5112608807598698,0.9763105557818663,1.0,0.0,1.0,0.5255990698884567,0.9908537291504635,1.0,0.0,0.9881552778909332,0.0,adaptive_zone
0.005,0.005,0.06,1.2,0.04,0.15,0.15761648296237615,0.09978138874751778,1.0,0.2920307972787951,0.026,0.15031874759601854,0.08499165405808869,1.0,0.30464656859120576,0.5498906943737589,0.0,capacity_suppression
0.005,0.005,0.06,1.2,0.04,0.35,0.3535490116610183,0.5508300133358539,1.0,0.13013087636535015,1.0,0.3505194877106974,0.541137755681222,1.0,0.14193968693230527,0.775415006667927,0.0,intermediate
0.005,0.005,0.06,1.2,0.04,0.55,0.5112608807598698,0.9763105557818663,1.0,0.0,1.0,0.5255990698884567,0.9908537291504635,1.0,0.0,0.9881552778909332,0.0,adaptive_zone
0.005,0.005,0.06,1.2,0.04,0.75,0.5112608807598698,0.9763105557818663,1.0,0.0,1.0,0.5255990698884567,0.9908537291504635,1.0,0.0,0.9881552778909332,0.0,adaptive_zone
0.005,0.005,0.06,1.2,0.08,0.15,0.1538083350118219,0.0922581033055281,1.0,0.29514144070271936,0.013,0.1501576836599216,0.08482292130298373,1.0,0.3046541862529584,0.546129051652764,0.0,capacity_suppression
0.005,0.005,0.06,1.2,0.08,0.35,0.351775944710427,0.5451071763606504,1.0,0.1315595008860135,1.0,0.3502592898788566,0.5402709892641708,1.0,0.1420548336438504,0.7725535881803252,0.0,intermediate
0.005,0.005,0.06,1.2,0.08,0.55,0.5112608807598698,0.9763105557818663,1.0,0.0,1.0,0.5255990698884567,0.9908537291504635,1.0,0.0,0.9881552778909332,0.0,adaptive_zone
0.005,0.005,0.06,1.2,0.08,0.75,0.5112608807598698,0.9763105557818663,1.0,0.0,1.0,0.5255990698884567,0.9908537291504635,1.0,0.0,0.9881552778909332,0.0,adaptive_zone
0.005,0.005,0.06,1.2,0.16,0.15,0.15190418026369354,0.08849800455381665,1.0,0.2966961570464991,0.006,0.15007842049350623,0.08473998225980899,1.0,0.3046562949120072,0.5442490022769083,0.0,capacity_suppression
0.005,0.005,0.06,1.2,0.16,0.35,0.35088832477931253,0.5422402400712212,1.0,0.1322738852081907,1.0,0.3501295305496024,0.5398388346911991,1.0,0.1421112398020749,0.7711201200356106,0.0,intermediate
0.005,0.005,0.06,1.2,0.16,0.55,0.5112608807598698,0.9763105557818663,1.0,0.0,1.0,0.5255990698884567,0.9908537291504635,1.0,0.0,0.9881552778909332,0.0,adaptive_zone
0.005,0.005,0.06,1.2,0.16,0.75,0.5112608807598698,0.9763105557818663,1.0,0.0,1.0,0.5255990698884567,0.9908537291504635,1.0,0.0,0.9881552778909332,0.0,adaptive_zone
0.005,0.02,0.005,0.4,0.04,0.15,0.17284381164150311,0.1299425319129665,1.0,0.8387270143062798,0.079,0.15099727299073207,0.0857054262753324,1.0,0.9137125747404958,0.5649712659564833,0.0,capacity_suppression
0.005,0.02,0.005,0.4,0.04,0.35,0.3606102491603087,0.5736124571479915,1.0,0.3732653877194951,1.0,0.35156915287439683,0.5446369683961607,1.0,0.42434720029737166,0.7868062285739957,0.0,intermediate
0.005,0.02,0.005,0.4,0.04,0.55,0.5112608807598698,0.9763105557818663,1.0,0.0,1.0,0.5255990698884567,0.9908537291504635,1.0,0.0,0.9881552778909332,0.0,adaptive_zone
0.005,0.02,0.005,0.4,0.04,0.75,0.5112608807598698,0.9763105557818663,1.0,0.0,1.0,0.5255990698884567,0.9908537291504635,1.0,0.0,0.9881552778909332,0.0,adaptive_zone
0.005,0.02,0.005,0.4,0.08,0.15,0.16142427517637328,0.1073112772786126,1.0,0.8667561497804177,0.039,0.15048321312687601,0.0851642263682873,1.0,0.913903357059713,0.5536556386393063,0.0,capacity_suppression
0.005,0.02,0.005,0.4,0.08,0.35,0.3553190877999669,0.5565419632923496,1.0,0.38610788186520495,1.0,0.35078058239299764,0.5420077689990356,1.0,0.4254645774059147,0.7782709816461748,0.0,intermediate
0.005,0.02,0.005,0.4,0.08,0.55,0.5112608807598698,0.9763105557818663,1.0,0.0,1.0,0.5255990698884567,0.9908537291504635,1.0,0.0,0.9881552778909332,0.0,adaptive_zone
0.005,0.02,0.005,0.4,0.08,0.75,0.5112608807598698,0.9763105557818663,1.0,0.0,1.0,0.5255990698884567,0.9908537291504635,1.0,0.0,0.9881552778909332,0.0,adaptive_zone
0.005,0.02,0.005,0.4,0.16,0.15,0.15571244290742936,0.09601898268585939,1.0,0.8807589314623087,0.019,0.15023779179019447,0.08490681024664234,1.0,0.9139528185022696,0.5480094913429296,0.0,capacity_suppression
0.005,0.02,0.005,0.4,0.16,0.35,0.35266284501688766,0.547970029148106,1.0,0.39253545879872576,1.0,0.35038927602729125,0.5407039643734789,1.0,0.42599291853766774,0.773985014574053,0.0,intermediate
0.005,0.02,0.005,0.4,0.16,0.55,0.5112608807598698,0.9763105557818663,1.0,0.0,1.0,0.5255990698884567,0.9908537291504635,1.0,0.0,0.9881552778909332,0.0,adaptive_zone
0.005,0.02,0.005,0.4,0.16,0.75,0.5112608807598698,0.9763105557818663,1.0,0.0,1.0,0.5255990698884567,0.9908537291504635,1.0,0.0,0.9881552778909332,0.0,adaptive_zone
0.005,0.02,0.005,0.8,0.04,0.15,0.16142427517637328,0.1073112772786126,1.0,0.43337807489020885,0.039,0.15048321312687601,0.0851642263682873,1.0,0.4569516785298565,0.5536556386393063,0.0,capacity_suppression
0.005,0.02,0.005,0.8,0.04,0.35,0.3553190877999669,0.5565419632923496,1.0,0.19305394093260247,1.0,0.35078058239299764,0.5420077689990356,1.0,0.21273228870295735,0.7782709816461748,0.0,intermediate
0.005,0.02,0.005,0.8,0.04,0.55,0.5112608807598698,0.9763105557818663,1.0,0.0,1.0,0.5255990698884567,0.9908537291504635,1.0,0.0,0.9881552778909332,0.0,adaptive_zone
0.005,0.02,0.005,0.8,0.04,0.75,0.5112608807598698,0.9763105557818663,1.0,0.0,1.0,0.5255990698884567,0.9908537291504635,1.0,0.0,0.9881552778909332,0.0,adaptive_zone
0.005,0.02,0.005,0.8,0.08,0.15,0.15571244290742936,0.09601898268585939,1.0,0.44037946573115433,0.019,0.15023779179019447,0.08490681024664234,1.0,0.4569764092511348,0.5480094913429296,0.0,capacity_suppression
0.005,0.02,0.005,0.8,0.08,0.35,0.35266284501688766,0.547970029148106,1.0,0.19626772939936288,1.0,0.35038927602729125,0.5407039643734789,1.0,0.21299645926883387,0.773985014574053,0.0,intermediate
0.005,0.02,0.005,0.8,0.08,0.55,0.5112608807598698,0.9763105557818663,1.0,0.0,1.0,0.5255990698884567,0.9908537291504635,1.0,0.0,0.9881552778909332,0.0,adaptive_zone
0.005,0.02,0.005,0.8,0.08,0.75,0.5112608807598698,0.9763105557818663,1.0,0.0,1.0,0.5255990698884567,0.9908537291504635,1.0,0.0,0.9881552778909332,0.0,adaptive_zone
0.005,0.02,0.005,0.8,0.16,0.15,0.15285626218471596,0.09037807551702569,1.0,0.44387828008348623,0.01,0.15011794662427752,0.08478133335149939,1.0,0.4569830780946688,0.5451890377585128,0.0,capacity_suppression
0.005,0.02,0.005,0.8,0.16,0.35,0.35133222382206614,0.5436744341976644,1.0,0.19787503849711113,1.0,0.35019438178402407,0.5400548091479578,1.0,0.2131247104451385,0.7718372170988321,0.0,intermediate
0.005,0.02,0.005,0.8,0.16,0.55,0.5112608807598698,0.9763105557818663,1.0,0.0,1.0,0.5255990698884567,0.9908537291504635,1.0,0.0,0.9881552778909332,0.0,adaptive_zone
0.005,0.02,0.005,0.8,0.16,0.75,0.5112608807598698,0.9763105557818663,1.0,0.0,1.0,0.5255990698884567,0.9908537291504635,1.0,0.0,0.9881552778909332,0.0,adaptive_zone
0.005,0.02,0.005,1.2,0.04,0.15,0.15761648296237615,0.09978138874751778,1.0,0.2920307972787951,0.026,0.15031874759601854,0.08499165405808869,1.0,0.30464656859120576,0.5498906943737589,0.0,capacity_suppression
0.005,0.02,0.005,1.2,0.04,0.35,0.3535490116610183,0.5508300133358539,1.0,0.13013087636535015,1.0,0.3505194877106974,0.541137755681222,1.0,0.14193968693230527,0.775415006667927,0.0,intermediate
0.005,0.02,0.005,1.2,0.04,0.55,0.5112608807598698,0.9763105557818663,1.0,0.0,1.0,0.5255990698884567,0.9908537291504635,1.0,0.0,0.9881552778909332,0.0,adaptive_zone
0.005,0.02,0.005,1.2,0.04,0.75,0.5112608807598698,0.9763105557818663,1.0,0.0,1.0,0.5255990698884567,0.9908537291504635,1.0,0.0,0.9881552778909332,0.0,adaptive_zone
0.005,0.02,0.005,1.2,0.08,0.15,0.1538083350118219,0.0922581033055281,1.0,0.29514144070271936,0.013,0.1501576836599216,0.08482292130298373,1.0,0.3046541862529584,0.546129051652764,0.0,capacity_suppression
0.005,0.02,0.005,1.2,0.08,0.35,0.351775944710427,0.5451071763606504,1.0,0.1315595008860135,1.0,0.3502592898788566,0.5402709892641708,1.0,0.1420548336438504,0.7725535881803252,0.0,intermediate
0.005,0.02,0.005,1.2,0.08,0.55,0.5112608807598698,0.9763105557818663,1.0,0.0,1.0,0.5255990698884567,0.9908537291504635,1.0,0.0,0.9881552778909332,0.0,adaptive_zone
0.005,0.02,0.005,1.2,0.08,0.75,0.5112608807598698,0.9763105557818663,1.0,0.0,1.0,0.5255990698884567,0.9908537291504635,1.0,0.0,0.9881552778909332,0.0,adaptive_zone
0.005,0.02,0.005,1.2,0.16,0.15,0.15190418026369354,0.08849800455381665,1.0,0.2966961570464991,0.006,0.15007842049350623,0.08473998225980899,1.0,0.3046562949120072,0.5442490022769083,0.0,capacity_suppression
0.005,0.02,0.005,1.2,0.16,0.35,0.35088832477931253,0.5422402400712212,1.0,0.1322738852081907,1.0,0.3501295305496024,0.5398388346911991,1.0,0.1421112398020749,0.7711201200356106,0.0,intermediate
0.005,0.02,0.005,1.2,0.16,0.55,0.5112608807598698,0.9763105557818663,1.0,0.0,1.0,0.5255990698884567,0.9908537291504635,1.0,0.0,0.9881552778909332,0.0,adaptive_zone
0.005,0.02,0.005,1.2,0.16,0.75,0.5112608807598698,0.9763105557818663,1.0,0.0,1.0,0.5255990698884567,0.9908537291504635,1.0,0.0,0.9881552778909332,0.0,adaptive_zone
0.005,0.02,0.025,0.4,0.04,0.15,0.17284381164150311,0.1299425319129665,1.0,0.8387270143062798,0.079,0.15099727299073207,0.0857054262753324,1.0,0.9137125747404958,0.5649712659564833,0.0,capacity_suppression
0.005,0.02,0.025,0.4,0.04,0.35,0.3606102491603087,0.5736124571479915,1.0,0.3732653877194951,1.0,0.35156915287439683,0.5446369683961607,1.0,0.42434720029737166,0.7868062285739957,0.0,intermediate
0.005,0.02,0.025,0.4,0.04,0.55,0.5112608807598698,0.9763105557818663,1.0,0.0,1.0,0.5255990698884567,0.9908537291504635,1.0,0.0,0.9881552778909332,0.0,adaptive_zone
0.005,0.02,0.025,0.4,0.04,0.75,0.5112608807598698,0.9763105557818663,1.0,0.0,1.0,0.5255990698884567,0.9908537291504635,1.0,0.0,0.9881552778909332,0.0,adaptive_zone
0.005,0.02,0.025,0.4,0.08,0.15,0.16142427517637328,0.1073112772786126,1.0,0.8667561497804177,0.039,0.15048321312687601,0.0851642263682873,1.0,0.913903357059713,0.5536556386393063,0.0,capacity_suppression
0.005,0.02,0.025,0.4,0.08,0.35,0.3553190877999669,0.5565419632923496,1.0,0.38610788186520495,1.0,0.35078058239299764,0.5420077689990356,1.0,0.4254645774059147,0.7782709816461748,0.0,intermediate
0.005,0.02,0.025,0.4,0.08,0.55,0.5112608807598698,0.9763105557818663,1.0,0.0,1.0,0.5255990698884567,0.9908537291504635,1.0,0.0,0.9881552778909332,0.0,adaptive_zone
0.005,0.02,0.025,0.4,0.08,0.75,0.5112608807598698,0.9763105557818663,1.0,0.0,1.0,0.5255990698884567,0.9908537291504635,1.0,0.0,0.9881552778909332,0.0,adaptive_zone
0.005,0.02,0.025,0.4,0.16,0.15,0.15571244290742936,0.09601898268585939,1.0,0.8807589314623087,0.019,0.15023779179019447,0.08490681024664234,1.0,0.9139528185022696,0.5480094913429296,0.0,capacity_suppression
0.005,0.02,0.025,0.4,0.16,0.35,0.35266284501688766,0.547970029148106,1.0,0.39253545879872576,1.0,0.35038927602729125,0.5407039643734789,1.0,0.42599291853766774,0.773985014574053,0.0,intermediate
0.005,0.02,0.025,0.4,0.16,0.55,0.5112608807598698,0.9763105557818663,1.0,0.0,1.0,0.5255990698884567,0.9908537291504635,1.0,0.0,0.9881552778909332,0.0,adaptive_zone
0.005,0.02,0.025,0.4,0.16,0.75,0.5112608807598698,0.9763105557818663,1.0,0.0,1.0,0.5255990698884567,0.9908537291504635,1.0,0.0,0.9881552778909332,0.0,adaptive_zone
0.005,0.02,0.025,0.8,0.04,0.15,0.16142427517637328,0.1073112772786126,1.0,0.43337807489020885,0.039,0.15048321312687601,0.0851642263682873,1.0,0.4569516785298565,0.5536556386393063,0.0,capacity_suppression
0.005,0.02,0.025,0.8,0.04,0.35,0.3553190877999669,0.5565419632923496,1.0,0.19305394093260247,1.0,0.35078058239299764,0.5420077689990356,1.0,0.21273228870295735,0.7782709816461748,0.0,intermediate
0.005,0.02,0.025,0.8,0.04,0.55,0.5112608807598698,0.9763105557818663,1.0,0.0,1.0,0.5255990698884567,0.9908537291504635,1.0,0.0,0.9881552778909332,0.0,adaptive_zone
0.005,0.02,0.025,0.8,0.04,0.75,0.5112608807598698,0.9763105557818663,1.0,0.0,1.0,0.5255990698884567,0.9908537291504635,1.0,0.0,0.9881552778909332,0.0,adaptive_zone
0.005,0.02,0.025,0.8,0.08,0.15,0.15571244290742936,0.09601898268585939,1.0,0.44037946573115433,0.019,0.15023779179019447,0.08490681024664234,1.0,0.4569764092511348,0.5480094913429296,0.0,capacity_suppression
0.005,0.02,0.025,0.8,0.08,0.35,0.35266284501688766,0.547970029148106,1.0,0.19626772939936288,1.0,0.35038927602729125,0.5407039643734789,1.0,0.21299645926883387,0.773985014574053,0.0,intermediate
0.005,0.02,0.025,0.8,0.08,0.55,0.5112608807598698,0.9763105557818663,1.0,0.0,1.0,0.5255990698884567,0.9908537291504635,1.0,0.0,0.9881552778909332,0.0,adaptive_zone
0.005,0.02,0.025,0.8,0.08,0.75,0.5112608807598698,0.9763105557818663,1.0,0.0,1.0,0.5255990698884567,0.9908537291504635,1.0,0.0,0.9881552778909332,0.0,adaptive_zone
0.005,0.02,0.025,0.8,0.16,0.15,0.15285626218471596,0.09037807551702569,1.0,0.44387828008348623,0.01,0.15011794662427752,0.08478133335149939,1.0,0.4569830780946688,0.5451890377585128,0.0,capacity_suppression
0.005,0.02,0.025,0.8,0.16,0.35,0.35133222382206614,0.5436744341976644,1.0,0.19787503849711113,1.0,0.35019438178402407,0.5400548091479578,1.0,0.2131247104451385,0.7718372170988321,0.0,intermediate
0.005,0.02,0.025,0.8,0.16,0.55,0.5112608807598698,0.9763105557818663,1.0,0.0,1.0,0.5255990698884567,0.9908537291504635,1.0,0.0,0.9881552778909332,0.0,adaptive_zone
0.005,0.02,0.025,0.8,0.16,0.75,0.5112608807598698,0.9763105557818663,1.0,0.0,1.0,0.5255990698884567,0.9908537291504635,1.0,0.0,0.9881552778909332,0.0,adaptive_zone
0.005,0.02,0.025,1.2,0.04,0.15,0.15761648296237615,0.09978138874751778,1.0,0.2920307972787951,0.026,0.15031874759601854,0.08499165405808869,1.0,0.30464656859120576,0.5498906943737589,0.0,capacity_suppression
0.005,0.02,0.025,1.2,0.04,0.35,0.3535490116610183,0.5508300133358539,1.0,0.13013087636535015,1.0,0.3505194877106974,0.541137755681222,1.0,0.14193968693230527,0.775415006667927,0.0,intermediate
0.005,0.02,0.025,1.2,0.04,0.55,0.5112608807598698,0.9763105557818663,1.0,0.0,1.0,0.5255990698884567,0.9908537291504635,1.0,0.0,0.9881552778909332,0.0,adaptive_zone
0.005,0.02,0.025,1.2,0.04,0.75,0.5112608807598698,0.9763105557818663,1.0,0.0,1.0,0.5255990698884567,0.9908537291504635,1.0,0.0,0.9881552778909332,0.0,adaptive_zone
0.005,0.02,0.025,1.2,0.08,0.15,0.1538083350118219,0.0922581033055281,1.0,0.29514144070271936,0.013,0.1501576836599216,0.08482292130298373,1.0,0.3046541862529584,0.546129051652764,0.0,capacity_suppression
0.005,0.02,0.025,1.2,0.08,0.35,0.351775944710427,0.5451071763606504,1.0,0.1315595008860135,1.0,0.3502592898788566,0.5402709892641708,1.0,0.1420548336438504,0.7725535881803252,0.0,intermediate
0.005,0.02,0.025,1.2,0.08,0.55,0.5112608807598698,0.9763105557818663,1.0,0.0,1.0,0.5255990698884567,0.9908537291504635,1.0,0.0,0.9881552778909332,0.0,adaptive_zone
0.005,0.02,0.025,1.2,0.08,0.75,0.5112608807598698,0.9763105557818663,1.0,0.0,1.0,0.5255990698884567,0.9908537291504635,1.0,0.0,0.9881552778909332,0.0,adaptive_zone
0.005,0.02,0.025,1.2,0.16,0.15,0.15190418026369354,0.08849800455381665,1.0,0.2966961570464991,0.006,0.15007842049350623,0.08473998225980899,1.0,0.3046562949120072,0.5442490022769083,0.0,capacity_suppression
0.005,0.02,0.025,1.2,0.16,0.35,0.35088832477931253,0.5422402400712212,1.0,0.1322738852081907,1.0,0.3501295305496024,0.5398388346911991,1.0,0.1421112398020749,0.7711201200356106,0.0,intermediate
0.005,0.02,0.025,1.2,0.16,0.55,0.5112608807598698,0.9763105557818663,1.0,0.0,1.0,0.5255990698884567,0.9908537291504635,1.0,0.0,0.9881552778909332,0.0,adaptive_zone
0.005,0.02,0.025,1.2,0.16,0.75,0.5112608807598698,0.9763105557818663,1.0,0.0,1.0,0.5255990698884567,0.9908537291504635,1.0,0.0,0.9881552778909332,0.0,adaptive_zone
0.005,0.02,0.06,0.4,0.04,0.15,0.17284381164150311,0.1299425319129665,1.0,0.8387270143062798,0.079,0.15099727299073207,0.0857054262753324,1.0,0.9137125747404958,0.5649712659564833,0.0,capacity_suppression
0.005,0.02,0.06,0.4,0.04,0.35,0.3606102491603087,0.5736124571479915,1.0,0.3732653877194951,1.0,0.35156915287439683,0.5446369683961607,1.0,0.42434720029737166,0.7868062285739957,0.0,intermediate
0.005,0.02,0.06,0.4,0.04,0.55,0.5112608807598698,0.9763105557818663,1.0,0.0,1.0,0.5255990698884567,0.9908537291504635,1.0,0.0,0.9881552778909332,0.0,adaptive_zone
0.005,0.02,0.06,0.4,0.04,0.75,0.5112608807598698,0.9763105557818663,1.0,0.0,1.0,0.5255990698884567,0.9908537291504635,1.0,0.0,0.9881552778909332,0.0,adaptive_zone
0.005,0.02,0.06,0.4,0.08,0.15,0.16142427517637328,0.1073112772786126,1.0,0.8667561497804177,0.039,0.15048321312687601,0.0851642263682873,1.0,0.913903357059713,0.5536556386393063,0.0,capacity_suppression
0.005,0.02,0.06,0.4,0.08,0.35,0.3553190877999669,0.5565419632923496,1.0,0.38610788186520495,1.0,0.35078058239299764,0.5420077689990356,1.0,0.4254645774059147,0.7782709816461748,0.0,intermediate
0.005,0.02,0.06,0.4,0.08,0.55,0.5112608807598698,0.9763105557818663,1.0,0.0,1.0,0.5255990698884567,0.9908537291504635,1.0,0.0,0.9881552778909332,0.0,adaptive_zone
0.005,0.02,0.06,0.4,0.08,0.75,0.5112608807598698,0.9763105557818663,1.0,0.0,1.0,0.5255990698884567,0.9908537291504635,1.0,0.0,0.9881552778909332,0.0,adaptive_zone
0.005,0.02,0.06,0.4,0.16,0.15,0.15571244290742936,0.09601898268585939,1.0,0.8807589314623087,0.019,0.15023779179019447,0.08490681024664234,1.0,0.9139528185022696,0.5480094913429296,0.0,capacity_suppression
0.005,0.02,0.06,0.4,0.16,0.35,0.35266284501688766,0.547970029148106,1.0,0.39253545879872576,1.0,0.35038927602729125,0.5407039643734789,1.0,0.42599291853766774,0.773985014574053,0.0,intermediate
0.005,0.02,0.06,0.4,0.16,0.55,0.5112608807598698,0.9763105557818663,1.0,0.0,1.0,0.5255990698884567,0.9908537291504635,1.0,0.0,0.9881552778909332,0.0,adaptive_zone
0.005,0.02,0.06,0.4,0.16,0.75,0.5112608807598698,0.9763105557818663,1.0,0.0,1.0,0.5255990698884567,0.9908537291504635,1.0,0.0,0.9881552778909332,0.0,adaptive_zone
0.005,0.02,0.06,0.8,0.04,0.15,0.16142427517637328,0.1073112772786126,1.0,0.43337807489020885,0.039,0.15048321312687601,0.0851642263682873,1.0,0.4569516785298565,0.5536556386393063,0.0,capacity_suppression
0.005,0.02,0.06,0.8,0.04,0.35,0.3553190877999669,0.5565419632923496,1.0,0.19305394093260247,1.0,0.35078058239299764,0.5420077689990356,1.0,0.21273228870295735,0.7782709816461748,0.0,intermediate
0.005,0.02,0.06,0.8,0.04,0.55,0.5112608807598698,0.9763105557818663,1.0,0.0,1.0,0.5255990698884567,0.9908537291504635,1.0,0.0,0.9881552778909332,0.0,adaptive_zone
0.005,0.02,0.06,0.8,0.04,0.75,0.5112608807598698,0.9763105557818663,1.0,0.0,1.0,0.5255990698884567,0.9908537291504635,1.0,0.0,0.9881552778909332,0.0,adaptive_zone
0.005,0.02,0.06,0.8,0.08,0.15,0.15571244290742936,0.09601898268585939,1.0,0.44037946573115433,0.019,0.15023779179019447,0.08490681024664234,1.0,0.4569764092511348,0.5480094913429296,0.0,capacity_suppression
0.005,0.02,0.06,0.8,0.08,0.35,0.35266284501688766,0.547970029148106,1.0,0.19626772939936288,1.0,0.35038927602729125,0.5407039643734789,1.0,0.21299645926883387,0.773985014574053,0.0,intermediate
0.005,0.02,0.06,0.8,0.08,0.55,0.5112608807598698,0.9763105557818663,1.0,0.0,1.0,0.5255990698884567,0.9908537291504635,1.0,0.0,0.9881552778909332,0.0,adaptive_zone
0.005,0.02,0.06,0.8,0.08,0.75,0.5112608807598698,0.9763105557818663,1.0,0.0,1.0,0.5255990698884567,0.9908537291504635,1.0,0.0,0.9881552778909332,0.0,adaptive_zone
0.005,0.02,0.06,0.8,0.16,0.15,0.15285626218471596,0.09037807551702569,1.0,0.44387828008348623,0.01,0.15011794662427752,0.08478133335149939,1.0,0.4569830780946688,0.5451890377585128,0.0,capacity_suppression
0.005,0.02,0.06,0.8,0.16,0.35,0.35133222382206614,0.5436744341976644,1.0,0.19787503849711113,1.0,0.35019438178402407,0.5400548091479578,1.0,0.2131247104451385,0.7718372170988321,0.0,intermediate
0.005,0.02,0.06,0.8,0.16,0.55,0.5112608807598698,0.9763105557818663,1.0,0.0,1.0,0.5255990698884567,0.9908537291504635,1.0,0.0,0.9881552778909332,0.0,adaptive_zone
0.005,0.02,0.06,0.8,0.16,0.75,0.5112608807598698,0.9763105557818663,1.0,0.0,1.0,0.5255990698884567,0.9908537291504635,1.0,0.0,0.9881552778909332,0.0,adaptive_zone
0.005,0.02,0.06,1.2,0.04,0.15,0.15761648296237615,0.09978138874751778,1.0,0.2920307972787951,0.026,0.15031874759601854,0.08499165405808869,1.0,0.30464656859120576,0.5498906943737589,0.0,capacity_suppression
0.005,0.02,0.06,1.2,0.04,0.35,0.3535490116610183,0.5508300133358539,1.0,0.13013087636535015,1.0,0.3505194877106974,0.541137755681222,1.0,0.14193968693230527,0.775415006667927,0.0,intermediate
0.005,0.02,0.06,1.2,0.04,0.55,0.5112608807598698,0.9763105557818663,1.0,0.0,1.0,0.5255990698884567,0.9908537291504635,1.0,0.0,0.9881552778909332,0.0,adaptive_zone
0.005,0.02,0.06,1.2,0.04,0.75,0.5112608807598698,0.9763105557818663,1.0,0.0,1.0,0.5255990698884567,0.9908537291504635,1.0,0.0,0.9881552778909332,0.0,adaptive_zone
0.005,0.02,0.06,1.2,0.08,0.15,0.1538083350118219,0.0922581033055281,1.0,0.29514144070271936,0.013,0.1501576836599216,0.08482292130298373,1.0,0.3046541862529584,0.546129051652764,0.0,capacity_suppression
0.005,0.02,0.06,1.2,0.08,0.35,0.351775944710427,0.5451071763606504,1.0,0.1315595008860135,1.0,0.3502592898788566,0.5402709892641708,1.0,0.1420548336438504,0.7725535881803252,0.0,intermediate
0.005,0.02,0.06,1.2,0.08,0.55,0.5112608807598698,0.9763105557818663,1.0,0.0,1.0,0.5255990698884567,0.9908537291504635,1.0,0.0,0.9881552778909332,0.0,adaptive_zone
0.005,0.02,0.06,1.2,0.08,0.75,0.5112608807598698,0.9763105557818663,1.0,0.0,1.0,0.5255990698884567,0.9908537291504635,1.0,0.0,0.9881552778909332,0.0,adaptive_zone
0.005,0.02,0.06,1.2,0.16,0.15,0.15190418026369354,0.08849800455381665,1.0,0.2966961570464991,0.006,0.15007842049350623,0.08473998225980899,1.0,0.3046562949120072,0.5442490022769083,0.0,capacity_suppression
0.005,0.02,0.06,1.2,0.16,0.35,0.35088832477931253,0.5422402400712212,1.0,0.1322738852081907,1.0,0.3501295305496024,0.5398388346911991,1.0,0.1421112398020749,0.7711201200356106,0.0,intermediate
0.005,0.02,0.06,1.2,0.16,0.55,0.5112608807598698,0.9763105557818663,1.0,0.0,1.0,0.5255990698884567,0.9908537291504635,1.0,0.0,0.9881552778909332,0.0,adaptive_zone
0.005,0.02,0.06,1.2,0.16,0.75,0.5112608807598698,0.9763105557818663,1.0,0.0,1.0,0.5255990698884567,0.9908537291504635,1.0,0.0,0.9881552778909332,0.0,adaptive_zone
0.005,0.05,0.005,0.4,0.04,0.15,0.17284381164150311,0.1299425319129665,1.0,0.8387270143062798,0.079,0.15099727299073207,0.0857054262753324,1.0,0.9137125747404958,0.5649712659564833,0.0,capacity_suppression
0.005,0.05,0.005,0.4,0.04,0.35,0.3606102491603087,0.5736124571479915,1.0,0.3732653877194951,1.0,0.35156915287439683,0.5446369683961607,1.0,0.42434720029737166,0.7868062285739957,0.0,intermediate
0.005,0.05,0.005,0.4,0.04,0.55,0.5112608807598698,0.9763105557818663,1.0,0.0,1.0,0.5255990698884567,0.9908537291504635,1.0,0.0,0.9881552778909332,0.0,adaptive_zone
0.005,0.05,0.005,0.4,0.04,0.75,0.5112608807598698,0.9763105557818663,1.0,0.0,1.0,0.5255990698884567,0.9908537291504635,1.0,0.0,0.9881552778909332,0.0,adaptive_zone
0.005,0.05,0.005,0.4,0.08,0.15,0.16142427517637328,0.1073112772786126,1.0,0.8667561497804177,0.039,0.15048321312687601,0.0851642263682873,1.0,0.913903357059713,0.5536556386393063,0.0,capacity_suppression
0.005,0.05,0.005,0.4,0.08,0.35,0.3553190877999669,0.5565419632923496,1.0,0.38610788186520495,1.0,0.35078058239299764,0.5420077689990356,1.0,0.4254645774059147,0.7782709816461748,0.0,intermediate
0.005,0.05,0.005,0.4,0.08,0.55,0.5112608807598698,0.9763105557818663,1.0,0.0,1.0,0.5255990698884567,0.9908537291504635,1.0,0.0,0.9881552778909332,0.0,adaptive_zone
0.005,0.05,0.005,0.4,0.08,0.75,0.5112608807598698,0.9763105557818663,1.0,0.0,1.0,0.5255990698884567,0.9908537291504635,1.0,0.0,0.9881552778909332,0.0,adaptive_zone
0.005,0.05,0.005,0.4,0.16,0.15,0.15571244290742936,0.09601898268585939,1.0,0.8807589314623087,0.019,0.15023779179019447,0.08490681024664234,1.0,0.9139528185022696,0.5480094913429296,0.0,capacity_suppression
0.005,0.05,0.005,0.4,0.16,0.35,0.35266284501688766,0.547970029148106,1.0,0.39253545879872576,1.0,0.35038927602729125,0.5407039643734789,1.0,0.42599291853766774,0.773985014574053,0.0,intermediate
0.005,0.05,0.005,0.4,0.16,0.55,0.5112608807598698,0.9763105557818663,1.0,0.0,1.0,0.5255990698884567,0.9908537291504635,1.0,0.0,0.9881552778909332,0.0,adaptive_zone
0.005,0.05,0.005,0.4,0.16,0.75,0.5112608807598698,0.9763105557818663,1.0,0.0,1.0,0.5255990698884567,0.9908537291504635,1.0,0.0,0.9881552778909332,0.0,adaptive_zone
0.005,0.05,0.005,0.8,0.04,0.15,0.16142427517637328,0.1073112772786126,1.0,0.43337807489020885,0.039,0.15048321312687601,0.0851642263682873,1.0,0.4569516785298565,0.5536556386393063,0.0,capacity_suppression
0.005,0.05,0.005,0.8,0.04,0.35,0.3553190877999669,0.5565419632923496,1.0,0.19305394093260247,1.0,0.35078058239299764,0.5420077689990356,1.0,0.21273228870295735,0.7782709816461748,0.0,intermediate
0.005,0.05,0.005,0.8,0.04,0.55,0.5112608807598698,0.9763105557818663,1.0,0.0,1.0,0.5255990698884567,0.9908537291504635,1.0,0.0,0.9881552778909332,0.0,adaptive_zone
0.005,0.05,0.005,0.8,0.04,0.75,0.5112608807598698,0.9763105557818663,1.0,0.0,1.0,0.5255990698884567,0.9908537291504635,1.0,0.0,0.9881552778909332,0.0,adaptive_zone
0.005,0.05,0.005,0.8,0.08,0.15,0.15571244290742936,0.09601898268585939,1.0,0.44037946573115433,0.019,0.15023779179019447,0.08490681024664234,1.0,0.4569764092511348,0.5480094913429296,0.0,capacity_suppression
0.005,0.05,0.005,0.8,0.08,0.35,0.35266284501688766,0.547970029148106,1.0,0.19626772939936288,1.0,0.35038927602729125,0.5407039643734789,1.0,0.21299645926883387,0.773985014574053,0.0,intermediate
0.005,0.05,0.005,0.8,0.08,0.55,0.5112608807598698,0.9763105557818663,1.0,0.0,1.0,0.5255990698884567,0.9908537291504635,1.0,0.0,0.9881552778909332,0.0,adaptive_zone
0.005,0.05,0.005,0.8,0.08,0.75,0.5112608807598698,0.9763105557818663,1.0,0.0,1.0,0.5255990698884567,0.9908537291504635,1.0,0.0,0.9881552778909332,0.0,adaptive_zone
0.005,0.05,0.005,0.8,0.16,0.15,0.15285626218471596,0.09037807551702569,1.0,0.44387828008348623,0.01,0.15011794662427752,0.08478133335149939,1.0,0.4569830780946688,0.5451890377585128,0.0,capacity_suppression
0.005,0.05,0.005,0.8,0.16,0.35,0.35133222382206614,0.5436744341976644,1.0,0.19787503849711113,1.0,0.35019438178402407,0.5400548091479578,1.0,0.2131247104451385,0.7718372170988321,0.0,intermediate
0.005,0.05,0.005,0.8,0.16,0.55,0.5112608807598698,0.9763105557818663,1.0,0.0,1.0,0.5255990698884567,0.9908537291504635,1.0,0.0,0.9881552778909332,0.0,adaptive_zone
0.005,0.05,0.005,0.8,0.16,0.75,0.5112608807598698,0.9763105557818663,1.0,0.0,1.0,0.5255990698884567,0.9908537291504635,1.0,0.0,0.9881552778909332,0.0,adaptive_zone
0.005,0.05,0.005,1.2,0.04,0.15,0.15761648296237615,0.09978138874751778,1.0,0.2920307972787951,0.026,0.15031874759601854,0.08499165405808869,1.0,0.30464656859120576,0.5498906943737589,0.0,capacity_suppression
0.005,0.05,0.005,1.2,0.04,0.35,0.3535490116610183,0.5508300133358539,1.0,0.13013087636535015,1.0,0.3505194877106974,0.541137755681222,1.0,0.14193968693230527,0.775415006667927,0.0,intermediate
0.005,0.05,0.005,1.2,0.04,0.55,0.5112608807598698,0.9763105557818663,1.0,0.0,1.0,0.5255990698884567,0.9908537291504635,1.0,0.0,0.9881552778909332,0.0,adaptive_zone
0.005,0.05,0.005,1.2,0.04,0.75,0.5112608807598698,0.9763105557818663,1.0,0.0,1.0,0.5255990698884567,0.9908537291504635,1.0,0.0,0.9881552778909332,0.0,adaptive_zone
0.005,0.05,0.005,1.2,0.08,0.15,0.1538083350118219,0.0922581033055281,1.0,0.29514144070271936,0.013,0.1501576836599216,0.08482292130298373,1.0,0.3046541862529584,0.546129051652764,0.0,capacity_suppression
0.005,0.05,0.005,1.2,0.08,0.35,0.351775944710427,0.5451071763606504,1.0,0.1315595008860135,1.0,0.3502592898788566,0.5402709892641708,1.0,0.1420548336438504,0.7725535881803252,0.0,intermediate
0.005,0.05,0.005,1.2,0.08,0.55,0.5112608807598698,0.9763105557818663,1.0,0.0,1.0,0.5255990698884567,0.9908537291504635,1.0,0.0,0.9881552778909332,0.0,adaptive_zone
0.005,0.05,0.005,1.2,0.08,0.75,0.5112608807598698,0.9763105557818663,1.0,0.0,1.0,0.5255990698884567,0.9908537291504635,1.0,0.0,0.9881552778909332,0.0,adaptive_zone
0.005,0.05,0.005,1.2,0.16,0.15,0.15190418026369354,0.08849800455381665,1.0,0.2966961570464991,0.006,0.15007842049350623,0.08473998225980899,1.0,0.3046562949120072,0.5442490022769083,0.0,capacity_suppression
0.005,0.05,0.005,1.2,0.16,0.35,0.35088832477931253,0.5422402400712212,1.0,0.1322738852081907,1.0,0.3501295305496024,0.5398388346911991,1.0,0.1421112398020749,0.7711201200356106,0.0,intermediate
0.005,0.05,0.005,1.2,0.16,0.55,0.5112608807598698,0.9763105557818663,1.0,0.0,1.0,0.5255990698884567,0.9908537291504635,1.0,0.0,0.9881552778909332,0.0,adaptive_zone
0.005,0.05,0.005,1.2,0.16,0.75,0.5112608807598698,0.9763105557818663,1.0,0.0,1.0,0.5255990698884567,0.9908537291504635,1.0,0.0,0.9881552778909332,0.0,adaptive_zone
0.005,0.05,0.025,0.4,0.04,0.15,0.17284381164150311,0.1299425319129665,1.0,0.8387270143062798,0.079,0.15099727299073207,0.0857054262753324,1.0,0.9137125747404958,0.5649712659564833,0.0,capacity_suppression
0.005,0.05,0.025,0.4,0.04,0.35,0.3606102491603087,0.5736124571479915,1.0,0.3732653877194951,1.0,0.35156915287439683,0.5446369683961607,1.0,0.42434720029737166,0.7868062285739957,0.0,intermediate
0.005,0.05,0.025,0.4,0.04,0.55,0.5112608807598698,0.9763105557818663,1.0,0.0,1.0,0.5255990698884567,0.9908537291504635,1.0,0.0,0.9881552778909332,0.0,adaptive_zone
0.005,0.05,0.025,0.4,0.04,0.75,0.5112608807598698,0.9763105557818663,1.0,0.0,1.0,0.5255990698884567,0.9908537291504635,1.0,0.0,0.9881552778909332,0.0,adaptive_zone
0.005,0.05,0.025,0.4,0.08,0.15,0.16142427517637328,0.1073112772786126,1.0,0.8667561497804177,0.039,0.15048321312687601,0.0851642263682873,1.0,0.913903357059713,0.5536556386393063,0.0,capacity_suppression
0.005,0.05,0.025,0.4,0.08,0.35,0.3553190877999669,0.5565419632923496,1.0,0.38610788186520495,1.0,0.35078058239299764,0.5420077689990356,1.0,0.4254645774059147,0.7782709816461748,0.0,intermediate
0.005,0.05,0.025,0.4,0.08,0.55,0.5112608807598698,0.9763105557818663,1.0,0.0,1.0,0.5255990698884567,0.9908537291504635,1.0,0.0,0.9881552778909332,0.0,adaptive_zone
0.005,0.05,0.025,0.4,0.08,0.75,0.5112608807598698,0.9763105557818663,1.0,0.0,1.0,0.5255990698884567,0.9908537291504635,1.0,0.0,0.9881552778909332,0.0,adaptive_zone
0.005,0.05,0.025,0.4,0.16,0.15,0.15571244290742936,0.09601898268585939,1.0,0.8807589314623087,0.019,0.15023779179019447,0.08490681024664234,1.0,0.9139528185022696,0.5480094913429296,0.0,capacity_suppression
0.005,0.05,0.025,0.4,0.16,0.35,0.35266284501688766,0.547970029148106,1.0,0.39253545879872576,1.0,0.35038927602729125,0.5407039643734789,1.0,0.42599291853766774,0.773985014574053,0.0,intermediate
0.005,0.05,0.025,0.4,0.16,0.55,0.5112608807598698,0.9763105557818663,1.0,0.0,1.0,0.5255990698884567,0.9908537291504635,1.0,0.0,0.9881552778909332,0.0,adaptive_zone
0.005,0.05,0.025,0.4,0.16,0.75,0.5112608807598698,0.9763105557818663,1.0,0.0,1.0,0.5255990698884567,0.9908537291504635,1.0,0.0,0.9881552778909332,0.0,adaptive_zone
0.005,0.05,0.025,0.8,0.04,0.15,0.16142427517637328,0.1073112772786126,1.0,0.43337807489020885,0.039,0.15048321312687601,0.0851642263682873,1.0,0.4569516785298565,0.5536556386393063,0.0,capacity_suppression
0.005,0.05,0.025,0.8,0.04,0.35,0.3553190877999669,0.5565419632923496,1.0,0.19305394093260247,1.0,0.35078058239299764,0.5420077689990356,1.0,0.21273228870295735,0.7782709816461748,0.0,intermediate
0.005,0.05,0.025,0.8,0.04,0.55,0.5112608807598698,0.9763105557818663,1.0,0.0,1.0,0.5255990698884567,0.9908537291504635,1.0,0.0,0.9881552778909332,0.0,adaptive_zone
0.005,0.05,0.025,0.8,0.04,0.75,0.5112608807598698,0.9763105557818663,1.0,0.0,1.0,0.5255990698884567,0.9908537291504635,1.0,0.0,0.9881552778909332,0.0,adaptive_zone
0.005,0.05,0.025,0.8,0.08,0.15,0.15571244290742936,0.09601898268585939,1.0,0.44037946573115433,0.019,0.15023779179019447,0.08490681024664234,1.0,0.4569764092511348,0.5480094913429296,0.0,capacity_suppression
0.005,0.05,0.025,0.8,0.08,0.35,0.35266284501688766,0.547970029148106,1.0,0.19626772939936288,1.0,0.35038927602729125,0.5407039643734789,1.0,0.21299645926883387,0.773985014574053,0.0,intermediate
0.005,0.05,0.025,0.8,0.08,0.55,0.5112608807598698,0.9763105557818663,1.0,0.0,1.0,0.5255990698884567,0.9908537291504635,1.0,0.0,0.9881552778909332,0.0,adaptive_zone
0.005,0.05,0.025,0.8,0.08,0.75,0.5112608807598698,0.9763105557818663,1.0,0.0,1.0,0.5255990698884567,0.9908537291504635,1.0,0.0,0.9881552778909332,0.0,adaptive_zone
0.005,0.05,0.025,0.8,0.16,0.15,0.15285626218471596,0.09037807551702569,1.0,0.44387828008348623,0.01,0.15011794662427752,0.08478133335149939,1.0,0.4569830780946688,0.5451890377585128,0.0,capacity_suppression
0.005,0.05,0.025,0.8,0.16,0.35,0.35133222382206614,0.5436744341976644,1.0,0.19787503849711113,1.0,0.35019438178402407,0.5400548091479578,1.0,0.2131247104451385,0.7718372170988321,0.0,intermediate
0.005,0.05,0.025,0.8,0.16,0.55,0.5112608807598698,0.9763105557818663,1.0,0.0,1.0,0.5255990698884567,0.9908537291504635,1.0,0.0,0.9881552778909332,0.0,adaptive_zone
0.005,0.05,0.025,0.8,0.16,0.75,0.5112608807598698,0.9763105557818663,1.0,0.0,1.0,0.5255990698884567,0.9908537291504635,1.0,0.0,0.9881552778909332,0.0,adaptive_zone
0.005,0.05,0.025,1.2,0.04,0.15,0.15761648296237615,0.09978138874751778,1.0,0.2920307972787951,0.026,0.15031874759601854,0.08499165405808869,1.0,0.30464656859120576,0.5498906943737589,0.0,capacity_suppression
0.005,0.05,0.025,1.2,0.04,0.35,0.3535490116610183,0.5508300133358539,1.0,0.13013087636535015,1.0,0.3505194877106974,0.541137755681222,1.0,0.14193968693230527,0.775415006667927,0.0,intermediate
0.005,0.05,0.025,1.2,0.04,0.55,0.5112608807598698,0.9763105557818663,1.0,0.0,1.0,0.5255990698884567,0.9908537291504635,1.0,0.0,0.9881552778909332,0.0,adaptive_zone
0.005,0.05,0.025,1.2,0.04,0.75,0.5112608807598698,0.9763105557818663,1.0,0.0,1.0,0.5255990698884567,0.9908537291504635,1.0,0.0,0.9881552778909332,0.0,adaptive_zone
0.005,0.05,0.025,1.2,0.08,0.15,0.1538083350118219,0.0922581033055281,1.0,0.29514144070271936,0.013,0.1501576836599216,0.08482292130298373,1.0,0.3046541862529584,0.546129051652764,0.0,capacity_suppression
0.005,0.05,0.025,1.2,0.08,0.35,0.351775944710427,0.5451071763606504,1.0,0.1315595008860135,1.0,0.3502592898788566,0.5402709892641708,1.0,0.1420548336438504,0.7725535881803252,0.0,intermediate
0.005,0.05,0.025,1.2,0.08,0.55,0.5112608807598698,0.9763105557818663,1.0,0.0,1.0,0.5255990698884567,0.9908537291504635,1.0,0.0,0.9881552778909332,0.0,adaptive_zone
0.005,0.05,0.025,1.2,0.08,0.75,0.5112608807598698,0.9763105557818663,1.0,0.0,1.0,0.5255990698884567,0.9908537291504635,1.0,0.0,0.9881552778909332,0.0,adaptive_zone
0.005,0.05,0.025,1.2,0.16,0.15,0.15190418026369354,0.08849800455381665,1.0,0.2966961570464991,0.006,0.15007842049350623,0.08473998225980899,1.0,0.3046562949120072,0.5442490022769083,0.0,capacity_suppression
0.005,0.05,0.025,1.2,0.16,0.35,0.35088832477931253,0.5422402400712212,1.0,0.1322738852081907,1.0,0.3501295305496024,0.5398388346911991,1.0,0.1421112398020749,0.7711201200356106,0.0,intermediate
0.005,0.05,0.025,1.2,0.16,0.55,0.5112608807598698,0.9763105557818663,1.0,0.0,1.0,0.5255990698884567,0.9908537291504635,1.0,0.0,0.9881552778909332,0.0,adaptive_zone
0.005,0.05,0.025,1.2,0.16,0.75,0.5112608807598698,0.9763105557818663,1.0,0.0,1.0,0.5255990698884567,0.9908537291504635,1.0,0.0,0.9881552778909332,0.0,adaptive_zone
0.005,0.05,0.06,0.4,0.04,0.15,0.17284381164150311,0.1299425319129665,1.0,0.8387270143062798,0.079,0.15099727299073207,0.0857054262753324,1.0,0.9137125747404958,0.5649712659564833,0.0,capacity_suppression
0.005,0.05,0.06,0.4,0.04,0.35,0.3606102491603087,0.5736124571479915,1.0,0.3732653877194951,1.0,0.35156915287439683,0.5446369683961607,1.0,0.42434720029737166,0.7868062285739957,0.0,intermediate
0.005,0.05,0.06,0.4,0.04,0.55,0.5112608807598698,0.9763105557818663,1.0,0.0,1.0,0.5255990698884567,0.9908537291504635,1.0,0.0,0.9881552778909332,0.0,adaptive_zone
0.005,0.05,0.06,0.4,0.04,0.75,0.5112608807598698,0.9763105557818663,1.0,0.0,1.0,0.5255990698884567,0.9908537291504635,1.0,0.0,0.9881552778909332,0.0,adaptive_zone
0.005,0.05,0.06,0.4,0.08,0.15,0.16142427517637328,0.1073112772786126,1.0,0.8667561497804177,0.039,0.15048321312687601,0.0851642263682873,1.0,0.913903357059713,0.5536556386393063,0.0,capacity_suppression
0.005,0.05,0.06,0.4,0.08,0.35,0.3553190877999669,0.5565419632923496,1.0,0.38610788186520495,1.0,0.35078058239299764,0.5420077689990356,1.0,0.4254645774059147,0.7782709816461748,0.0,intermediate
0.005,0.05,0.06,0.4,0.08,0.55,0.5112608807598698,0.9763105557818663,1.0,0.0,1.0,0.5255990698884567,0.9908537291504635,1.0,0.0,0.9881552778909332,0.0,adaptive_zone
0.005,0.05,0.06,0.4,0.08,0.75,0.5112608807598698,0.9763105557818663,1.0,0.0,1.0,0.5255990698884567,0.9908537291504635,1.0,0.0,0.9881552778909332,0.0,adaptive_zone
0.005,0.05,0.06,0.4,0.16,0.15,0.15571244290742936,0.09601898268585939,1.0,0.8807589314623087,0.019,0.15023779179019447,0.08490681024664234,1.0,0.9139528185022696,0.5480094913429296,0.0,capacity_suppression
0.005,0.05,0.06,0.4,0.16,0.35,0.35266284501688766,0.547970029148106,1.0,0.39253545879872576,1.0,0.35038927602729125,0.5407039643734789,1.0,0.42599291853766774,0.773985014574053,0.0,intermediate
0.005,0.05,0.06,0.4,0.16,0.55,0.5112608807598698,0.9763105557818663,1.0,0.0,1.0,0.5255990698884567,0.9908537291504635,1.0,0.0,0.9881552778909332,0.0,adaptive_zone
0.005,0.05,0.06,0.4,0.16,0.75,0.5112608807598698,0.9763105557818663,1.0,0.0,1.0,0.5255990698884567,0.9908537291504635,1.0,0.0,0.9881552778909332,0.0,adaptive_zone
0.005,0.05,0.06,0.8,0.04,0.15,0.16142427517637328,0.1073112772786126,1.0,0.43337807489020885,0.039,0.15048321312687601,0.0851642263682873,1.0,0.4569516785298565,0.5536556386393063,0.0,capacity_suppression
0.005,0.05,0.06,0.8,0.04,0.35,0.3553190877999669,0.5565419632923496,1.0,0.19305394093260247,1.0,0.35078058239299764,0.5420077689990356,1.0,0.21273228870295735,0.7782709816461748,0.0,intermediate
0.005,0.05,0.06,0.8,0.04,0.55,0.5112608807598698,0.9763105557818663,1.0,0.0,1.0,0.5255990698884567,0.9908537291504635,1.0,0.0,0.9881552778909332,0.0,adaptive_zone
0.005,0.05,0.06,0.8,0.04,0.75,0.5112608807598698,0.9763105557818663,1.0,0.0,1.0,0.5255990698884567,0.9908537291504635,1.0,0.0,0.9881552778909332,0.0,adaptive_zone
0.005,0.05,0.06,0.8,0.08,0.15,0.15571244290742936,0.09601898268585939,1.0,0.44037946573115433,0.019,0.15023779179019447,0.08490681024664234,1.0,0.4569764092511348,0.5480094913429296,0.0,capacity_suppression
0.005,0.05,0.06,0.8,0.08,0.35,0.35266284501688766,0.547970029148106,1.0,0.19626772939936288,1.0,0.35038927602729125,0.5407039643734789,1.0,0.21299645926883387,0.773985014574053,0.0,intermediate
0.005,0.05,0.06,0.8,0.08,0.55,0.5112608807598698,0.9763105557818663,1.0,0.0,1.0,0.5255990698884567,0.9908537291504635,1.0,0.0,0.9881552778909332,0.0,adaptive_zone
0.005,0.05,0.06,0.8,0.08,0.75,0.5112608807598698,0.9763105557818663,1.0,0.0,1.0,0.5255990698884567,0.9908537291504635,1.0,0.0,0.9881552778909332,0.0,adaptive_zone
0.005,0.05,0.06,0.8,0.16,0.15,0.15285626218471596,0.09037807551702569,1.0,0.44387828008348623,0.01,0.15011794662427752,0.08478133335149939,1.0,0.4569830780946688,0.5451890377585128,0.0,capacity_suppression
0.005,0.05,0.06,0.8,0.16,0.35,0.35133222382206614,0.5436744341976644,1.0,0.19787503849711113,1.0,0.35019438178402407,0.5400548091479578,1.0,0.2131247104451385,0.7718372170988321,0.0,intermediate
0.005,0.05,0.06,0.8,0.16,0.55,0.5112608807598698,0.9763105557818663,1.0,0.0,1.0,0.5255990698884567,0.9908537291504635,1.0,0.0,0.9881552778909332,0.0,adaptive_zone
0.005,0.05,0.06,0.8,0.16,0.75,0.5112608807598698,0.9763105557818663,1.0,0.0,1.0,0.5255990698884567,0.9908537291504635,1.0,0.0,0.9881552778909332,0.0,adaptive_zone
0.005,0.05,0.06,1.2,0.04,0.15,0.15761648296237615,0.09978138874751778,1.0,0.2920307972787951,0.026,0.15031874759601854,0.08499165405808869,1.0,0.30464656859120576,0.5498906943737589,0.0,capacity_suppression
0.005,0.05,0.06,1.2,0.04,0.35,0.3535490116610183,0.5508300133358539,1.0,0.13013087636535015,1.0,0.3505194877106974,0.541137755681222,1.0,0.14193968693230527,0.775415006667927,0.0,intermediate
0.005,0.05,0.06,1.2,0.04,0.55,0.5112608807598698,0.9763105557818663,1.0,0.0,1.0,0.5255990698884567,0.9908537291504635,1.0,0.0,0.9881552778909332,0.0,adaptive_zone
0.005,0.05,0.06,1.2,0.04,0.75,0.5112608807598698,0.9763105557818663,1.0,0.0,1.0,0.5255990698884567,0.9908537291504635,1.0,0.0,0.9881552778909332,0.0,adaptive_zone
0.005,0.05,0.06,1.2,0.08,0.15,0.1538083350118219,0.0922581033055281,1.0,0.29514144070271936,0.013,0.1501576836599216,0.08482292130298373,1.0,0.3046541862529584,0.546129051652764,0.0,capacity_suppression
0.005,0.05,0.06,1.2,0.08,0.35,0.351775944710427,0.5451071763606504,1.0,0.1315595008860135,1.0,0.3502592898788566,0.5402709892641708,1.0,0.1420548336438504,0.7725535881803252,0.0,intermediate
0.005,0.05,0.06,1.2,0.08,0.55,0.5112608807598698,0.9763105557818663,1.0,0.0,1.0,0.5255990698884567,0.9908537291504635,1.0,0.0,0.9881552778909332,0.0,adaptive_zone
0.005,0.05,0.06,1.2,0.08,0.75,0.5112608807598698,0.9763105557818663,1.0,0.0,1.0,0.5255990698884567,0.9908537291504635,1.0,0.0,0.9881552778909332,0.0,adaptive_zone
0.005,0.05,0.06,1.2,0.16,0.15,0.15190418026369354,0.08849800455381665,1.0,0.2966961570464991,0.006,0.15007842049350623,0.08473998225980899,1.0,0.3046562949120072,0.5442490022769083,0.0,capacity_suppression
0.005,0.05,0.06,1.2,0.16,0.35,0.35088832477931253,0.5422402400712212,1.0,0.1322738852081907,1.0,0.3501295305496024,0.5398388346911991,1.0,0.1421112398020749,0.7711201200356106,0.0,intermediate
0.005,0.05,0.06,1.2,0.16,0.55,0.5112608807598698,0.9763105557818663,1.0,0.0,1.0,0.5255990698884567,0.9908537291504635,1.0,0.0,0.9881552778909332,0.0,adaptive_zone
0.005,0.05,0.06,1.2,0.16,0.75,0.5112608807598698,0.9763105557818663,1.0,0.0,1.0,0.5255990698884567,0.9908537291504635,1.0,0.0,0.9881552778909332,0.0,adaptive_zone
0.015,0.005,0.005,0.4,0.04,0.15,0.17284381164150311,0.1299425319129665,0.9695214802362356,0.8387270143062798,0.079,0.15099727299073207,0.0857054262753324,0.9326494565522828,0.9137125747404958,0.549732006074601,0.030478519763764367,capacity_suppression
0.015,0.005,0.005,0.4,0.04,0.35,0.3606102491603087,0.5736124571479915,1.0,0.3732653877194951,1.0,0.35156915287439683,0.5446369683961607,1.0,0.42434720029737166,0.7868062285739957,0.0,intermediate
0.015,0.005,0.005,0.4,0.04,0.55,0.5112608807598698,0.9763105557818663,1.0,0.0,1.0,0.5255990698884567,0.9908537291504635,1.0,0.0,0.9881552778909332,0.0,adaptive_zone
0.015,0.005,0.005,0.4,0.04,0.75,0.5112608807598698,0.9763105557818663,1.0,0.0,1.0,0.5255990698884567,0.9908537291504635,1.0,0.0,0.9881552778909332,0.0,adaptive_zone
0.015,0.005,0.005,0.4,0.08,0.15,0.16142427517637328,0.1073112772786126,0.9659665158219168,0.8667561497804177,0.039,0.15048321312687601,0.0851642263682873,0.9288636732927512,0.913903357059713,0.5366388965502648,0.03403348417808316,capacity_suppression
0.015,0.005,0.005,0.4,0.08,0.35,0.3553190877999669,0.5565419632923496,1.0,0.38610788186520495,1.0,0.35078058239299764,0.5420077689990356,1.0,0.4254645774059147,0.7782709816461748,0.0,intermediate
0.015,0.005,0.005,0.4,0.08,0.55,0.5112608807598698,0.9763105557818663,1.0,0.0,1.0,0.5255990698884567,0.9908537291504635,1.0,0.0,0.9881552778909332,0.0,adaptive_zone
0.015,0.005,0.005,0.4,0.08,0.75,0.5112608807598698,0.9763105557818663,1.0,0.0,1.0,0.5255990698884567,0.9908537291504635,1.0,0.0,0.9881552778909332,0.0,adaptive_zone
0.015,0.005,0.005,0.4,0.16,0.15,0.15571244290742936,0.09601898268585939,0.9640897444383811,0.8807589314623087,0.019,0.15023779179019447,0.08490681024664234,0.9269851538907667,0.9139528185022696,0.5300543635621202,0.035910255561618865,capacity_suppression
0.015,0.005,0.005,0.4,0.16,0.35,0.35266284501688766,0.547970029148106,1.0,0.39253545879872576,1.0,0.35038927602729125,0.5407039643734789,1.0,0.42599291853766774,0.773985014574053,0.0,intermediate
0.015,0.005,0.005,0.4,0.16,0.55,0.5112608807598698,0.9763105557818663,1.0,0.0,1.0,0.5255990698884567,0.9908537291504635,1.0,0.0,0.9881552778909332,0.0,adaptive_zone
0.015,0.005,0.005,0.4,0.16,0.75,0.5112608807598698,0.9763105557818663,1.0,0.0,1.0,0.5255990698884567,0.9908537291504635,1.0,0.0,0.9881552778909332,0.0,adaptive_zone
0.015,0.005,0.005,0.8,0.04,0.15,0.16142427517637328,0.1073112772786126,0.9949597127388561,0.43337807489020885,0.039,0.15048321312687601,0.0851642263682873,0.9886105829627263,0.4569516785298565,0.5511354950087344,0.0050402872611439165,capacity_suppression
0.015,0.005,0.005,0.8,0.04,0.35,0.3553190877999669,0.5565419632923496,1.0,0.19305394093260247,1.0,0.35078058239299764,0.5420077689990356,1.0,0.21273228870295735,0.7782709816461748,0.0,intermediate
0.015,0.005,0.005,0.8,0.04,0.55,0.5112608807598698,0.9763105557818663,1.0,0.0,1.0,0.5255990698884567,0.9908537291504635,1.0,0.0,0.9881552778909332,0.0,adaptive_zone
0.015,0.005,0.005,0.8,0.04,0.75,0.5112608807598698,0.9763105557818663,1.0,0.0,1.0,0.5255990698884567,0.9908537291504635,1.0,0.0,0.9881552778909332,0.0,adaptive_zone
0.015,0.005,0.005,0.8,0.08,0.15,0.15571244290742936,0.09601898268585939,0.9944557196733882,0.44037946573115433,0.019,0.15023779179019447,0.08490681024664234,0.9880673160483517,0.4569764092511348,0.5452373511796238,0.005544280326611806,capacity_suppression
0.015,0.005,0.005,0.8,0.08,0.35,0.35266284501688766,0.547970029148106,1.0,0.19626772939936288,1.0,0.35038927602729125,0.5407039643734789,1.0,0.21299645926883387,0.773985014574053,0.0,intermediate
0.015,0.005,0.005,0.8,0.08,0.55,0.5112608807598698,0.9763105557818663,1.0,0.0,1.0,0.5255990698884567,0.9908537291504635,1.0,0.0,0.9881552778909332,0.0,adaptive_zone
0.015,0.005,0.005,0.8,0.08,0.75,0.5112608807598698,0.9763105557818663,1.0,0.0,1.0,0.5255990698884567,0.9908537291504635,1.0,0.0,0.9881552778909332,0.0,adaptive_zone
0.015,0.005,0.005,0.8,0.16,0.15,0.15285626218471596,0.09037807551702569,0.9941938753952023,0.44387828008348623,0.01,0.15011794662427752,0.08478133335149939,0.9877969204270357,0.4569830780946688,0.542285975456114,0.00580612460479768,capacity_suppression
0.015,0.005,0.005,0.8,0.16,0.35,0.35133222382206614,0.5436744341976644,1.0,0.19787503849711113,1.0,0.35019438178402407,0.5400548091479578,1.0,0.2131247104451385,0.7718372170988321,0.0,intermediate
0.015,0.005,0.005,0.8,0.16,0.55,0.5112608807598698,0.9763105557818663,1.0,0.0,1.0,0.5255990698884567,0.9908537291504635,1.0,0.0,0.9881552778909332,0.0,adaptive_zone
0.015,0.005,0.005,0.8,0.16,0.75,0.5112608807598698,0.9763105557818663,1.0,0.0,1.0,0.5255990698884567,0.9908537291504635,1.0,0.0,0.9881552778909332,0.0,adaptive_zone
0.015,0.005,0.005,1.2,0.04,0.15,0.15761648296237615,0.09978138874751778,1.0,0.2920307972787951,0.026,0.15031874759601854,0.08499165405808869,1.0,0.30464656859120576,0.5498906943737589,0.0,capacity_suppression
0.015,0.005,0.005,1.2,0.04,0.35,0.3535490116610183,0.5508300133358539,1.0,0.13013087636535015,1.0,0.3505194877106974,0.541137755681222,1.0,0.14193968693230527,0.775415006667927,0.0,intermediate
0.015,0.005,0.005,1.2,0.04,0.55,0.5112608807598698,0.9763105557818663,1.0,0.0,1.0,0.5255990698884567,0.9908537291504635,1.0,0.0,0.9881552778909332,0.0,adaptive_zone
0.015,0.005,0.005,1.2,0.04,0.75,0.5112608807598698,0.9763105557818663,1.0,0.0,1.0,0.5255990698884567,0.9908537291504635,1.0,0.0,0.9881552778909332,0.0,adaptive_zone
0.015,0.005,0.005,1.2,0.08,0.15,0.1538083350118219,0.0922581033055281,1.0,0.29514144070271936,0.013,0.1501576836599216,0.08482292130298373,1.0,0.3046541862529584,0.546129051652764,0.0,capacity_suppression
0.015,0.005,0.005,1.2,0.08,0.35,0.351775944710427,0.5451071763606504,1.0,0.1315595008860135,1.0,0.3502592898788566,0.5402709892641708,1.0,0.1420548336438504,0.7725535881803252,0.0,intermediate
0.015,0.005,0.005,1.2,0.08,0.55,0.5112608807598698,0.9763105557818663,1.0,0.0,1.0,0.5255990698884567,0.9908537291504635,1.0,0.0,0.9881552778909332,0.0,adaptive_zone
0.015,0.005,0.005,1.2,0.08,0.75,0.5112608807598698,0.9763105557818663,1.0,0.0,1.0,0.5255990698884567,0.9908537291504635,1.0,0.0,0.9881552778909332,0.0,adaptive_zone
0.015,0.005,0.005,1.2,0.16,0.15,0.15190418026369354,0.08849800455381665,1.0,0.2966961570464991,0.006,0.15007842049350623,0.08473998225980899,1.0,0.3046562949120072,0.5442490022769083,0.0,capacity_suppression
0.015,0.005,0.005,1.2,0.16,0.35,0.35088832477931253,0.5422402400712212,1.0,0.1322738852081907,1.0,0.3501295305496024,0.5398388346911991,1.0,0.1421112398020749,0.7711201200356106,0.0,intermediate
0.015,0.005,0.005,1.2,0.16,0.55,0.5112608807598698,0.9763105557818663,1.0,0.0,1.0,0.5255990698884567,0.9908537291504635,1.0,0.0,0.9881552778909332,0.0,adaptive_zone
0.015,0.005,0.005,1.2,0.16,0.75,0.5112608807598698,0.9763105557818663,1.0,0.0,1.0,0.5255990698884567,0.9908537291504635,1.0,0.0,0.9881552778909332,0.0,adaptive_zone
0.015,0.005,0.025,0.4,0.04,0.15,0.17284381164150311,0.1299425319129665,0.9782371015371355,0.8387270143062798,0.079,0.15099727299073207,0.0857054262753324,0.9493464856374323,0.9137125747404958,0.554089816725051,0.0217628984628645,capacity_suppression
0.015,0.005,0.025,0.4,0.04,0.35,0.3606102491603087,0.5736124571479915,1.0,0.3732653877194951,1.0,0.35156915287439683,0.5446369683961607,1.0,0.42434720029737166,0.7868062285739957,0.0,intermediate
0.015,0.005,0.025,0.4,0.04,0.55,0.5112608807598698,0.9763105557818663,1.0,0.0,1.0,0.5255990698884567,0.9908537291504635,1.0,0.0,0.9881552778909332,0.0,adaptive_zone
0.015,0.005,0.025,0.4,0.04,0.75,0.5112608807598698,0.9763105557818663,1.0,0.0,1.0,0.5255990698884567,0.9908537291504635,1.0,0.0,0.9881552778909332,0.0,adaptive_zone
0.015,0.005,0.025,0.4,0.08,0.15,0.16142427517637328,0.1073112772786126,0.9744213058450051,0.8667561497804177,0.039,0.15048321312687601,0.0851642263682873,0.9451225493341484,0.913903357059713,0.5408662915618089,0.02557869415499492,capacity_suppression
0.015,0.005,0.025,0.4,0.08,0.35,0.3553190877999669,0.5565419632923496,1.0,0.38610788186520495,1.0,0.35078058239299764,0.5420077689990356,1.0,0.4254645774059147,0.7782709816461748,0.0,intermediate
0.015,0.005,0.025,0.4,0.08,0.55,0.5112608807598698,0.9763105557818663,1.0,0.0,1.0,0.5255990698884567,0.9908537291504635,1.0,0.0,0.9881552778909332,0.0,adaptive_zone
0.015,0.005,0.025,0.4,0.08,0.75,0.5112608807598698,0.9763105557818663,1.0,0.0,1.0,0.5255990698884567,0.9908537291504635,1.0,0.0,0.9881552778909332,0.0,adaptive_zone
0.015,0.005,0.025,0.4,0.16,0.15,0.15571244290742936,0.09601898268585939,0.9723812090030642,0.8807589314623087,0.019,0.15023779179019447,0.08490681024664234,0.9430309583572124,0.9139528185022696,0.5342000958444618,0.02761879099693576,capacity_suppression
0.015,0.005,0.025,0.4,0.16,0.35,0.35266284501688766,0.547970029148106,1.0,0.39253545879872576,1.0,0.35038927602729125,0.5407039643734789,1.0,0.42599291853766774,0.773985014574053,0.0,intermediate
0.015,0.005,0.025,0.4,0.16,0.55,0.5112608807598698,0.9763105557818663,1.0,0.0,1.0,0.5255990698884567,0.9908537291504635,1.0,0.0,0.9881552778909332,0.0,adaptive_zone
0.015,0.005,0.025,0.4,0.16,0.75,0.5112608807598698,0.9763105557818663,1.0,0.0,1.0,0.5255990698884567,0.9908537291504635,1.0,0.0,0.9881552778909332,0.0,adaptive_zone
0.015,0.005,0.025,0.8,0.04,0.15,0.16142427517637328,0.1073112772786126,1.0,0.43337807489020885,0.039,0.15048321312687601,0.0851642263682873,1.0,0.4569516785298565,0.5536556386393063,0.0,capacity_suppression
0.015,0.005,0.025,0.8,0.04,0.35,0.3553190877999669,0.5565419632923496,1.0,0.19305394093260247,1.0,0.35078058239299764,0.5420077689990356,1.0,0.21273228870295735,0.7782709816461748,0.0,intermediate
0.015,0.005,0.025,0.8,0.04,0.55,0.5112608807598698,0.9763105557818663,1.0,0.0,1.0,0.5255990698884567,0.9908537291504635,1.0,0.0,0.9881552778909332,0.0,adaptive_zone
0.015,0.005,0.025,0.8,0.04,0.75,0.5112608807598698,0.9763105557818663,1.0,0.0,1.0,0.5255990698884567,0.9908537291504635,1.0,0.0,0.9881552778909332,0.0,adaptive_zone
0.015,0.005,0.025,0.8,0.08,0.15,0.15571244290742936,0.09601898268585939,1.0,0.44037946573115433,0.019,0.15023779179019447,0.08490681024664234,1.0,0.4569764092511348,0.5480094913429296,0.0,capacity_suppression
0.015,0.005,0.025,0.8,0.08,0.35,0.35266284501688766,0.547970029148106,1.0,0.19626772939936288,1.0,0.35038927602729125,0.5407039643734789,1.0,0.21299645926883387,0.773985014574053,0.0,intermediate
0.015,0.005,0.025,0.8,0.08,0.55,0.5112608807598698,0.9763105557818663,1.0,0.0,1.0,0.5255990698884567,0.9908537291504635,1.0,0.0,0.9881552778909332,0.0,adaptive_zone
0.015,0.005,0.025,0.8,0.08,0.75,0.5112608807598698,0.9763105557818663,1.0,0.0,1.0,0.5255990698884567,0.9908537291504635,1.0,0.0,0.9881552778909332,0.0,adaptive_zone
0.015,0.005,0.025,0.8,0.16,0.15,0.15285626218471596,0.09037807551702569,1.0,0.44387828008348623,0.01,0.15011794662427752,0.08478133335149939,1.0,0.4569830780946688,0.5451890377585128,0.0,capacity_suppression
0.015,0.005,0.025,0.8,0.16,0.35,0.35133222382206614,0.5436744341976644,1.0,0.19787503849711113,1.0,0.35019438178402407,0.5400548091479578,1.0,0.2131247104451385,0.7718372170988321,0.0,intermediate
0.015,0.005,0.025,0.8,0.16,0.55,0.5112608807598698,0.9763105557818663,1.0,0.0,1.0,0.5255990698884567,0.9908537291504635,1.0,0.0,0.9881552778909332,0.0,adaptive_zone
0.015,0.005,0.025,0.8,0.16,0.75,0.5112608807598698,0.9763105557818663,1.0,0.0,1.0,0.5255990698884567,0.9908537291504635,1.0,0.0,0.9881552778909332,0.0,adaptive_zone
0.015,0.005,0.025,1.2,0.04,0.15,0.15761648296237615,0.09978138874751778,1.0,0.2920307972787951,0.026,0.15031874759601854,0.08499165405808869,1.0,0.30464656859120576,0.5498906943737589,0.0,capacity_suppression
0.015,0.005,0.025,1.2,0.04,0.35,0.3535490116610183,0.5508300133358539,1.0,0.13013087636535015,1.0,0.3505194877106974,0.541137755681222,1.0,0.14193968693230527,0.775415006667927,0.0,intermediate
0.015,0.005,0.025,1.2,0.04,0.55,0.5112608807598698,0.9763105557818663,1.0,0.0,1.0,0.5255990698884567,0.9908537291504635,1.0,0.0,0.9881552778909332,0.0,adaptive_zone
0.015,0.005,0.025,1.2,0.04,0.75,0.5112608807598698,0.9763105557818663,1.0,0.0,1.0,0.5255990698884567,0.9908537291504635,1.0,0.0,0.9881552778909332,0.0,adaptive_zone
0.015,0.005,0.025,1.2,0.08,0.15,0.1538083350118219,0.0922581033055281,1.0,0.29514144070271936,0.013,0.1501576836599216,0.08482292130298373,1.0,0.3046541862529584,0.546129051652764,0.0,capacity_suppression
0.015,0.005,0.025,1.2,0.08,0.35,0.351775944710427,0.5451071763606504,1.0,0.1315595008860135,1.0,0.3502592898788566,0.5402709892641708,1.0,0.1420548336438504,0.7725535881803252,0.0,intermediate
0.015,0.005,0.025,1.2,0.08,0.55,0.5112608807598698,0.9763105557818663,1.0,0.0,1.0,0.5255990698884567,0.9908537291504635,1.0,0.0,0.9881552778909332,0.0,adaptive_zone
0.015,0.005,0.025,1.2,0.08,0.75,0.5112608807598698,0.9763105557818663,1.0,0.0,1.0,0.5255990698884567,0.9908537291504635,1.0,0.0,0.9881552778909332,0.0,adaptive_zone
0.015,0.005,0.025,1.2,0.16,0.15,0.15190418026369354,0.08849800455381665,1.0,0.2966961570464991,0.006,0.15007842049350623,0.08473998225980899,1.0,0.3046562949120072,0.5442490022769083,0.0,capacity_suppression
0.015,0.005,0.025,1.2,0.16,0.35,0.35088832477931253,0.5422402400712212,1.0,0.1322738852081907,1.0,0.3501295305496024,0.5398388346911991,1.0,0.1421112398020749,0.7711201200356106,0.0,intermediate
0.015,0.005,0.025,1.2,0.16,0.55,0.5112608807598698,0.9763105557818663,1.0,0.0,1.0,0.5255990698884567,0.9908537291504635,1.0,0.0,0.9881552778909332,0.0,adaptive_zone
0.015,0.005,0.025,1.2,0.16,0.75,0.5112608807598698,0.9763105557818663,1.0,0.0,1.0,0.5255990698884567,0.9908537291504635,1.0,0.0,0.9881552778909332,0.0,adaptive_zone
0.015,0.005,0.06,0.4,0.04,0.15,0.17284381164150311,0.1299425319129665,0.9903455135547766,0.8387270143062798,0.079,0.15099727299073207,0.0857054262753324,0.975302114636342,0.9137125747404958,0.5601440227338715,0.009654486445223376,capacity_suppression
0.015,0.005,0.06,0.4,0.04,0.35,0.3606102491603087,0.5736124571479915,1.0,0.3732653877194951,1.0,0.35156915287439683,0.5446369683961607,1.0,0.42434720029737166,0.7868062285739957,0.0,intermediate
0.015,0.005,0.06,0.4,0.04,0.55,0.5112608807598698,0.9763105557818663,1.0,0.0,1.0,0.5255990698884567,0.9908537291504635,1.0,0.0,0.9881552778909332,0.0,adaptive_zone
0.015,0.005,0.06,0.4,0.04,0.75,0.5112608807598698,0.9763105557818663,1.0,0.0,1.0,0.5255990698884567,0.9908537291504635,1.0,0.0,0.9881552778909332,0.0,adaptive_zone
0.015,0.005,0.06,0.4,0.08,0.15,0.16142427517637328,0.1073112772786126,0.9875751870483035,0.8667561497804177,0.039,0.15048321312687601,0.0851642263682873,0.9719610077464579,0.913903357059713,0.547443232163458,0.012424812951696507,capacity_suppression
0.015,0.005,0.06,0.4,0.08,0.35,0.3553190877999669,0.5565419632923496,1.0,0.38610788186520495,1.0,0.35078058239299764,0.5420077689990356,1.0,0.4254645774059147,0.7782709816461748,0.0,intermediate
0.015,0.005,0.06,0.4,0.08,0.55,0.5112608807598698,0.9763105557818663,1.0,0.0,1.0,0.5255990698884567,0.9908537291504635,1.0,0.0,0.9881552778909332,0.0,adaptive_zone
0.015,0.005,0.06,0.4,0.08,0.75,0.5112608807598698,0.9763105557818663,1.0,0.0,1.0,0.5255990698884567,0.9908537291504635,1.0,0.0,0.9881552778909332,0.0,adaptive_zone
0.015,0.005,0.06,0.4,0.16,0.15,0.15571244290742936,0.09601898268585939,0.9860514823866557,0.8807589314623087,0.019,0.15023779179019447,0.08490681024664234,0.9703066895649439,0.9139528185022696,0.5410352325362575,0.013948517613344258,capacity_suppression
0.015,0.005,0.06,0.4,0.16,0.35,0.35266284501688766,0.547970029148106,1.0,0.39253545879872576,1.0,0.35038927602729125,0.5407039643734789,1.0,0.42599291853766774,0.773985014574053,0.0,intermediate
0.015,0.005,0.06,0.4,0.16,0.55,0.5112608807598698,0.9763105557818663,1.0,0.0,1.0,0.5255990698884567,0.9908537291504635,1.0,0.0,0.9881552778909332,0.0,adaptive_zone
0.015,0.005,0.06,0.4,0.16,0.75,0.5112608807598698,0.9763105557818663,1.0,0.0,1.0,0.5255990698884567,0.9908537291504635,1.0,0.0,0.9881552778909332,0.0,adaptive_zone
0.015,0.005,0.06,0.8,0.04,0.15,0.16142427517637328,0.1073112772786126,1.0,0.43337807489020885,0.039,0.15048321312687601,0.0851642263682873,1.0,0.4569516785298565,0.5536556386393063,0.0,capacity_suppression
0.015,0.005,0.06,0.8,0.04,0.35,0.3553190877999669,0.5565419632923496,1.0,0.19305394093260247,1.0,0.35078058239299764,0.5420077689990356,1.0,0.21273228870295735,0.7782709816461748,0.0,intermediate
0.015,0.005,0.06,0.8,0.04,0.55,0.5112608807598698,0.9763105557818663,1.0,0.0,1.0,0.5255990698884567,0.9908537291504635,1.0,0.0,0.9881552778909332,0.0,adaptive_zone
0.015,0.005,0.06,0.8,0.04,0.75,0.5112608807598698,0.9763105557818663,1.0,0.0,1.0,0.5255990698884567,0.9908537291504635,1.0,0.0,0.9881552778909332,0.0,adaptive_zone
0.015,0.005,0.06,0.8,0.08,0.15,0.15571244290742936,0.09601898268585939,1.0,0.44037946573115433,0.019,0.15023779179019447,0.08490681024664234,1.0,0.4569764092511348,0.5480094913429296,0.0,capacity_suppression
0.015,0.005,0.06,0.8,0.08,0.35,0.35266284501688766,0.547970029148106,1.0,0.19626772939936288,1.0,0.35038927602729125,0.5407039643734789,1.0,0.21299645926883387,0.773985014574053,0.0,intermediate
0.015,0.005,0.06,0.8,0.08,0.55,0.5112608807598698,0.9763105557818663,1.0,0.0,1.0,0.5255990698884567,0.9908537291504635,1.0,0.0,0.9881552778909332,0.0,adaptive_zone
0.015,0.005,0.06,0.8,0.08,0.75,0.5112608807598698,0.9763105557818663,1.0,0.0,1.0,0.5255990698884567,0.9908537291504635,1.0,0.0,0.9881552778909332,0.0,adaptive_zone
0.015,0.005,0.06,0.8,0.16,0.15,0.15285626218471596,0.09037807551702569,1.0,0.44387828008348623,0.01,0.15011794662427752,0.08478133335149939,1.0,0.4569830780946688,0.5451890377585128,0.0,capacity_suppression
0.015,0.005,0.06,0.8,0.16,0.35,0.35133222382206614,0.5436744341976644,1.0,0.19787503849711113,1.0,0.35019438178402407,0.5400548091479578,1.0,0.2131247104451385,0.7718372170988321,0.0,intermediate
0.015,0.005,0.06,0.8,0.16,0.55,0.5112608807598698,0.9763105557818663,1.0,0.0,1.0,0.5255990698884567,0.9908537291504635,1.0,0.0,0.9881552778909332,0.0,adaptive_zone
0.015,0.005,0.06,0.8,0.16,0.75,0.5112608807598698,0.9763105557818663,1.0,0.0,1.0,0.5255990698884567,0.9908537291504635,1.0,0.0,0.9881552778909332,0.0,adaptive_zone
0.015,0.005,0.06,1.2,0.04,0.15,0.15761648296237615,0.09978138874751778,1.0,0.2920307972787951,0.026,0.15031874759601854,0.08499165405808869,1.0,0.30464656859120576,0.5498906943737589,0.0,capacity_suppression
0.015,0.005,0.06,1.2,0.04,0.35,0.3535490116610183,0.5508300133358539,1.0,0.13013087636535015,1.0,0.3505194877106974,0.541137755681222,1.0,0.14193968693230527,0.775415006667927,0.0,intermediate
0.015,0.005,0.06,1.2,0.04,0.55,0.5112608807598698,0.9763105557818663,1.0,0.0,1.0,0.5255990698884567,0.9908537291504635,1.0,0.0,0.9881552778909332,0.0,adaptive_zone
0.015,0.005,0.06,1.2,0.04,0.75,0.5112608807598698,0.9763105557818663,1.0,0.0,1.0,0.5255990698884567,0.9908537291504635,1.0,0.0,0.9881552778909332,0.0,adaptive_zone
0.015,0.005,0.06,1.2,0.08,0.15,0.1538083350118219,0.0922581033055281,1.0,0.29514144070271936,0.013,0.1501576836599216,0.08482292130298373,1.0,0.3046541862529584,0.546129051652764,0.0,capacity_suppression
0.015,0.005,0.06,1.2,0.08,0.35,0.351775944710427,0.5451071763606504,1.0,0.1315595008860135,1.0,0.3502592898788566,0.5402709892641708,1.0,0.1420548336438504,0.7725535881803252,0.0,intermediate
0.015,0.005,0.06,1.2,0.08,0.55,0.5112608807598698,0.9763105557818663,1.0,0.0,1.0,0.5255990698884567,0.9908537291504635,1.0,0.0,0.9881552778909332,0.0,adaptive_zone
0.015,0.005,0.06,1.2,0.08,0.75,0.5112608807598698,0.9763105557818663,1.0,0.0,1.0,0.5255990698884567,0.9908537291504635,1.0,0.0,0.9881552778909332,0.0,adaptive_zone
0.015,0.005,0.06,1.2,0.16,0.15,0.15190418026369354,0.08849800455381665,1.0,0.2966961570464991,0.006,0.15007842049350623,0.08473998225980899,1.0,0.3046562949120072,0.5442490022769083,0.0,capacity_suppression
0.015,0.005,0.06,1.2,0.16,0.35,0.35088832477931253,0.5422402400712212,1.0,0.1322738852081907,1.0,0.3501295305496024,0.5398388346911991,1.0,0.1421112398020749,0.7711201200356106,0.0,intermediate
0.015,0.005,0.06,1.2,0.16,0.55,0.5112608807598698,0.9763105557818663,1.0,0.0,1.0,0.5255990698884567,0.9908537291504635,1.0,0.0,0.9881552778909332,0.0,adaptive_zone
0.015,0.005,0.06,1.2,0.16,0.75,0.5112608807598698,0.9763105557818663,1.0,0.0,1.0,0.5255990698884567,0.9908537291504635,1.0,0.0,0.9881552778909332,0.0,adaptive_zone
0.015,0.02,0.005,0.4,0.04,0.15,0.17284381164150311,0.1299425319129665,1.0,0.8387270143062798,0.079,0.15099727299073207,0.0857054262753324,1.0,0.9137125747404958,0.5649712659564833,0.0,capacity_suppression
0.015,0.02,0.005,0.4,0.04,0.35,0.3606102491603087,0.5736124571479915,1.0,0.3732653877194951,1.0,0.35156915287439683,0.5446369683961607,1.0,0.42434720029737166,0.7868062285739957,0.0,intermediate
0.015,0.02,0.005,0.4,0.04,0.55,0.5112608807598698,0.9763105557818663,1.0,0.0,1.0,0.5255990698884567,0.9908537291504635,1.0,0.0,0.9881552778909332,0.0,adaptive_zone
0.015,0.02,0.005,0.4,0.04,0.75,0.5112608807598698,0.9763105557818663,1.0,0.0,1.0,0.5255990698884567,0.9908537291504635,1.0,0.0,0.9881552778909332,0.0,adaptive_zone
0.015,0.02,0.005,0.4,0.08,0.15,0.16142427517637328,0.1073112772786126,1.0,0.8667561497804177,0.039,0.15048321312687601,0.0851642263682873,1.0,0.913903357059713,0.5536556386393063,0.0,capacity_suppression
0.015,0.02,0.005,0.4,0.08,0.35,0.3553190877999669,0.5565419632923496,1.0,0.38610788186520495,1.0,0.35078058239299764,0.5420077689990356,1.0,0.4254645774059147,0.7782709816461748,0.0,intermediate
0.015,0.02,0.005,0.4,0.08,0.55,0.5112608807598698,0.9763105557818663,1.0,0.0,1.0,0.5255990698884567,0.9908537291504635,1.0,0.0,0.9881552778909332,0.0,adaptive_zone
0.015,0.02,0.005,0.4,0.08,0.75,0.5112608807598698,0.9763105557818663,1.0,0.0,1.0,0.5255990698884567,0.9908537291504635,1.0,0.0,0.9881552778909332,0.0,adaptive_zone
0.015,0.02,0.005,0.4,0.16,0.15,0.15571244290742936,0.09601898268585939,1.0,0.8807589314623087,0.019,0.15023779179019447,0.08490681024664234,1.0,0.9139528185022696,0.5480094913429296,0.0,capacity_suppression
0.015,0.02,0.005,0.4,0.16,0.35,0.35266284501688766,0.547970029148106,1.0,0.39253545879872576,1.0,0.35038927602729125,0.5407039643734789,1.0,0.42599291853766774,0.773985014574053,0.0,intermediate
0.015,0.02,0.005,0.4,0.16,0.55,0.5112608807598698,0.9763105557818663,1.0,0.0,1.0,0.5255990698884567,0.9908537291504635,1.0,0.0,0.9881552778909332,0.0,adaptive_zone
0.015,0.02,0.005,0.4,0.16,0.75,0.5112608807598698,0.9763105557818663,1.0,0.0,1.0,0.5255990698884567,0.9908537291504635,1.0,0.0,0.9881552778909332,0.0,adaptive_zone
0.015,0.02,0.005,0.8,0.04,0.15,0.16142427517637328,0.1073112772786126,1.0,0.43337807489020885,0.039,0.15048321312687601,0.0851642263682873,1.0,0.4569516785298565,0.5536556386393063,0.0,capacity_suppression
0.015,0.02,0.005,0.8,0.04,0.35,0.3553190877999669,0.5565419632923496,1.0,0.19305394093260247,1.0,0.35078058239299764,0.5420077689990356,1.0,0.21273228870295735,0.7782709816461748,0.0,intermediate
0.015,0.02,0.005,0.8,0.04,0.55,0.5112608807598698,0.9763105557818663,1.0,0.0,1.0,0.5255990698884567,0.9908537291504635,1.0,0.0,0.9881552778909332,0.0,adaptive_zone
0.015,0.02,0.005,0.8,0.04,0.75,0.5112608807598698,0.9763105557818663,1.0,0.0,1.0,0.5255990698884567,0.9908537291504635,1.0,0.0,0.9881552778909332,0.0,adaptive_zone
0.015,0.02,0.005,0.8,0.08,0.15,0.15571244290742936,0.09601898268585939,1.0,0.44037946573115433,0.019,0.15023779179019447,0.08490681024664234,1.0,0.4569764092511348,0.5480094913429296,0.0,capacity_suppression
0.015,0.02,0.005,0.8,0.08,0.35,0.35266284501688766,0.547970029148106,1.0,0.19626772939936288,1.0,0.35038927602729125,0.5407039643734789,1.0,0.21299645926883387,0.773985014574053,0.0,intermediate
0.015,0.02,0.005,0.8,0.08,0.55,0.5112608807598698,0.9763105557818663,1.0,0.0,1.0,0.5255990698884567,0.9908537291504635,1.0,0.0,0.9881552778909332,0.0,adaptive_zone
0.015,0.02,0.005,0.8,0.08,0.75,0.5112608807598698,0.9763105557818663,1.0,0.0,1.0,0.5255990698884567,0.9908537291504635,1.0,0.0,0.9881552778909332,0.0,adaptive_zone
0.015,0.02,0.005,0.8,0.16,0.15,0.15285626218471596,0.09037807551702569,1.0,0.44387828008348623,0.01,0.15011794662427752,0.08478133335149939,1.0,0.4569830780946688,0.5451890377585128,0.0,capacity_suppression
0.015,0.02,0.005,0.8,0.16,0.35,0.35133222382206614,0.5436744341976644,1.0,0.19787503849711113,1.0,0.35019438178402407,0.5400548091479578,1.0,0.2131247104451385,0.7718372170988321,0.0,intermediate
0.015,0.02,0.005,0.8,0.16,0.55,0.5112608807598698,0.9763105557818663,1.0,0.0,1.0,0.5255990698884567,0.9908537291504635,1.0,0.0,0.9881552778909332,0.0,adaptive_zone
0.015,0.02,0.005,0.8,0.16,0.75,0.5112608807598698,0.9763105557818663,1.0,0.0,1.0,0.5255990698884567,0.9908537291504635,1.0,0.0,0.9881552778909332,0.0,adaptive_zone
0.015,0.02,0.005,1.2,0.04,0.15,0.15761648296237615,0.09978138874751778,1.0,0.2920307972787951,0.026,0.15031874759601854,0.08499165405808869,1.0,0.30464656859120576,0.5498906943737589,0.0,capacity_suppression
0.015,0.02,0.005,1.2,0.04,0.35,0.3535490116610183,0.5508300133358539,1.0,0.13013087636535015,1.0,0.3505194877106974,0.541137755681222,1.0,0.14193968693230527,0.775415006667927,0.0,intermediate
0.015,0.02,0.005,1.2,0.04,0.55,0.5112608807598698,0.9763105557818663,1.0,0.0,1.0,0.5255990698884567,0.9908537291504635,1.0,0.0,0.9881552778909332,0.0,adaptive_zone
0.015,0.02,0.005,1.2,0.04,0.75,0.5112608807598698,0.9763105557818663,1.0,0.0,1.0,0.5255990698884567,0.9908537291504635,1.0,0.0,0.9881552778909332,0.0,adaptive_zone
0.015,0.02,0.005,1.2,0.08,0.15,0.1538083350118219,0.0922581033055281,1.0,0.29514144070271936,0.013,0.1501576836599216,0.08482292130298373,1.0,0.3046541862529584,0.546129051652764,0.0,capacity_suppression
0.015,0.02,0.005,1.2,0.08,0.35,0.351775944710427,0.5451071763606504,1.0,0.1315595008860135,1.0,0.3502592898788566,0.5402709892641708,1.0,0.1420548336438504,0.7725535881803252,0.0,intermediate
0.015,0.02,0.005,1.2,0.08,0.55,0.5112608807598698,0.9763105557818663,1.0,0.0,1.0,0.5255990698884567,0.9908537291504635,1.0,0.0,0.9881552778909332,0.0,adaptive_zone
0.015,0.02,0.005,1.2,0.08,0.75,0.5112608807598698,0.9763105557818663,1.0,0.0,1.0,0.5255990698884567,0.9908537291504635,1.0,0.0,0.9881552778909332,0.0,adaptive_zone
0.015,0.02,0.005,1.2,0.16,0.15,0.15190418026369354,0.08849800455381665,1.0,0.2966961570464991,0.006,0.15007842049350623,0.08473998225980899,1.0,0.3046562949120072,0.5442490022769083,0.0,capacity_suppression
0.015,0.02,0.005,1.2,0.16,0.35,0.35088832477931253,0.5422402400712212,1.0,0.1322738852081907,1.0,0.3501295305496024,0.5398388346911991,1.0,0.1421112398020749,0.7711201200356106,0.0,intermediate
0.015,0.02,0.005,1.2,0.16,0.55,0.5112608807598698,0.9763105557818663,1.0,0.0,1.0,0.5255990698884567,0.9908537291504635,1.0,0.0,0.9881552778909332,0.0,adaptive_zone
0.015,0.02,0.005,1.2,0.16,0.75,0.5112608807598698,0.9763105557818663,1.0,0.0,1.0,0.5255990698884567,0.9908537291504635,1.0,0.0,0.9881552778909332,0.0,adaptive_zone
0.015,0.02,0.025,0.4,0.04,0.15,0.17284381164150311,0.1299425319129665,1.0,0.8387270143062798,0.079,0.15099727299073207,0.0857054262753324,1.0,0.9137125747404958,0.5649712659564833,0.0,capacity_suppression
0.015,0.02,0.025,0.4,0.04,0.35,0.3606102491603087,0.5736124571479915,1.0,0.3732653877194951,1.0,0.35156915287439683,0.5446369683961607,1.0,0.42434720029737166,0.7868062285739957,0.0,intermediate
0.015,0.02,0.025,0.4,0.04,0.55,0.5112608807598698,0.9763105557818663,1.0,0.0,1.0,0.5255990698884567,0.9908537291504635,1.0,0.0,0.9881552778909332,0.0,adaptive_zone
0.015,0.02,0.025,0.4,0.04,0.75,0.5112608807598698,0.9763105557818663,1.0,0.0,1.0,0.5255990698884567,0.9908537291504635,1.0,0.0,0.9881552778909332,0.0,adaptive_zone
0.015,0.02,0.025,0.4,0.08,0.15,0.16142427517637328,0.1073112772786126,1.0,0.8667561497804177,0.039,0.15048321312687601,0.0851642263682873,1.0,0.913903357059713,0.5536556386393063,0.0,capacity_suppression
0.015,0.02,0.025,0.4,0.08,0.35,0.3553190877999669,0.5565419632923496,1.0,0.38610788186520495,1.0,0.35078058239299764,0.5420077689990356,1.0,0.4254645774059147,0.7782709816461748,0.0,intermediate
0.015,0.02,0.025,0.4,0.08,0.55,0.5112608807598698,0.9763105557818663,1.0,0.0,1.0,0.5255990698884567,0.9908537291504635,1.0,0.0,0.9881552778909332,0.0,adaptive_zone
0.015,0.02,0.025,0.4,0.08,0.75,0.5112608807598698,0.9763105557818663,1.0,0.0,1.0,0.5255990698884567,0.9908537291504635,1.0,0.0,0.9881552778909332,0.0,adaptive_zone
0.015,0.02,0.025,0.4,0.16,0.15,0.15571244290742936,0.09601898268585939,1.0,0.8807589314623087,0.019,0.15023779179019447,0.08490681024664234,1.0,0.9139528185022696,0.5480094913429296,0.0,capacity_suppression
0.015,0.02,0.025,0.4,0.16,0.35,0.35266284501688766,0.547970029148106,1.0,0.39253545879872576,1.0,0.35038927602729125,0.5407039643734789,1.0,0.42599291853766774,0.773985014574053,0.0,intermediate
0.015,0.02,0.025,0.4,0.16,0.55,0.5112608807598698,0.9763105557818663,1.0,0.0,1.0,0.5255990698884567,0.9908537291504635,1.0,0.0,0.9881552778909332,0.0,adaptive_zone
0.015,0.02,0.025,0.4,0.16,0.75,0.5112608807598698,0.9763105557818663,1.0,0.0,1.0,0.5255990698884567,0.9908537291504635,1.0,0.0,0.9881552778909332,0.0,adaptive_zone
0.015,0.02,0.025,0.8,0.04,0.15,0.16142427517637328,0.1073112772786126,1.0,0.43337807489020885,0.039,0.15048321312687601,0.0851642263682873,1.0,0.4569516785298565,0.5536556386393063,0.0,capacity_suppression
0.015,0.02,0.025,0.8,0.04,0.35,0.3553190877999669,0.5565419632923496,1.0,0.19305394093260247,1.0,0.35078058239299764,0.5420077689990356,1.0,0.21273228870295735,0.7782709816461748,0.0,intermediate
0.015,0.02,0.025,0.8,0.04,0.55,0.5112608807598698,0.9763105557818663,1.0,0.0,1.0,0.5255990698884567,0.9908537291504635,1.0,0.0,0.9881552778909332,0.0,adaptive_zone
0.015,0.02,0.025,0.8,0.04,0.75,0.5112608807598698,0.9763105557818663,1.0,0.0,1.0,0.5255990698884567,0.9908537291504635,1.0,0.0,0.9881552778909332,0.0,adaptive_zone
0.015,0.02,0.025,0.8,0.08,0.15,0.15571244290742936,0.09601898268585939,1.0,0.44037946573115433,0.019,0.15023779179019447,0.08490681024664234,1.0,0.4569764092511348,0.5480094913429296,0.0,capacity_suppression
0.015,0.02,0.025,0.8,0.08,0.35,0.35266284501688766,0.547970029148106,1.0,0.19626772939936288,1.0,0.35038927602729125,0.5407039643734789,1.0,0.21299645926883387,0.773985014574053,0.0,intermediate
0.015,0.02,0.025,0.8,0.08,0.55,0.5112608807598698,0.9763105557818663,1.0,0.0,1.0,0.5255990698884567,0.9908537291504635,1.0,0.0,0.9881552778909332,0.0,adaptive_zone
0.015,0.02,0.025,0.8,0.08,0.75,0.5112608807598698,0.9763105557818663,1.0,0.0,1.0,0.5255990698884567,0.9908537291504635,1.0,0.0,0.9881552778909332,0.0,adaptive_zone
0.015,0.02,0.025,0.8,0.16,0.15,0.15285626218471596,0.09037807551702569,1.0,0.44387828008348623,0.01,0.15011794662427752,0.08478133335149939,1.0,0.4569830780946688,0.5451890377585128,0.0,capacity_suppression
0.015,0.02,0.025,0.8,0.16,0.35,0.35133222382206614,0.5436744341976644,1.0,0.19787503849711113,1.0,0.35019438178402407,0.5400548091479578,1.0,0.2131247104451385,0.7718372170988321,0.0,intermediate
0.015,0.02,0.025,0.8,0.16,0.55,0.5112608807598698,0.9763105557818663,1.0,0.0,1.0,0.5255990698884567,0.9908537291504635,1.0,0.0,0.9881552778909332,0.0,adaptive_zone
0.015,0.02,0.025,0.8,0.16,0.75,0.5112608807598698,0.9763105557818663,1.0,0.0,1.0,0.5255990698884567,0.9908537291504635,1.0,0.0,0.9881552778909332,0.0,adaptive_zone
0.015,0.02,0.025,1.2,0.04,0.15,0.15761648296237615,0.09978138874751778,1.0,0.2920307972787951,0.026,0.15031874759601854,0.08499165405808869,1.0,0.30464656859120576,0.5498906943737589,0.0,capacity_suppression
0.015,0.02,0.025,1.2,0.04,0.35,0.3535490116610183,0.5508300133358539,1.0,0.13013087636535015,1.0,0.3505194877106974,0.541137755681222,1.0,0.14193968693230527,0.775415006667927,0.0,intermediate
0.015,0.02,0.025,1.2,0.04,0.55,0.5112608807598698,0.9763105557818663,1.0,0.0,1.0,0.5255990698884567,0.9908537291504635,1.0,0.0,0.9881552778909332,0.0,adaptive_zone
0.015,0.02,0.025,1.2,0.04,0.75,0.5112608807598698,0.9763105557818663,1.0,0.0,1.0,0.5255990698884567,0.9908537291504635,1.0,0.0,0.9881552778909332,0.0,adaptive_zone
0.015,0.02,0.025,1.2,0.08,0.15,0.1538083350118219,0.0922581033055281,1.0,0.29514144070271936,0.013,0.1501576836599216,0.08482292130298373,1.0,0.3046541862529584,0.546129051652764,0.0,capacity_suppression
0.015,0.02,0.025,1.2,0.08,0.35,0.351775944710427,0.5451071763606504,1.0,0.1315595008860135,1.0,0.3502592898788566,0.5402709892641708,1.0,0.1420548336438504,0.7725535881803252,0.0,intermediate
0.015,0.02,0.025,1.2,0.08,0.55,0.5112608807598698,0.9763105557818663,1.0,0.0,1.0,0.5255990698884567,0.9908537291504635,1.0,0.0,0.9881552778909332,0.0,adaptive_zone
0.015,0.02,0.025,1.2,0.08,0.75,0.5112608807598698,0.9763105557818663,1.0,0.0,1.0,0.5255990698884567,0.9908537291504635,1.0,0.0,0.9881552778909332,0.0,adaptive_zone
0.015,0.02,0.025,1.2,0.16,0.15,0.15190418026369354,0.08849800455381665,1.0,0.2966961570464991,0.006,0.15007842049350623,0.08473998225980899,1.0,0.3046562949120072,0.5442490022769083,0.0,capacity_suppression
0.015,0.02,0.025,1.2,0.16,0.35,0.35088832477931253,0.5422402400712212,1.0,0.1322738852081907,1.0,0.3501295305496024,0.5398388346911991,1.0,0.1421112398020749,0.7711201200356106,0.0,intermediate
0.015,0.02,0.025,1.2,0.16,0.55,0.5112608807598698,0.9763105557818663,1.0,0.0,1.0,0.5255990698884567,0.9908537291504635,1.0,0.0,0.9881552778909332,0.0,adaptive_zone
0.015,0.02,0.025,1.2,0.16,0.75,0.5112608807598698,0.9763105557818663,1.0,0.0,1.0,0.5255990698884567,0.9908537291504635,1.0,0.0,0.9881552778909332,0.0,adaptive_zone
0.015,0.02,0.06,0.4,0.04,0.15,0.17284381164150311,0.1299425319129665,1.0,0.8387270143062798,0.079,0.15099727299073207,0.0857054262753324,1.0,0.9137125747404958,0.5649712659564833,0.0,capacity_suppression
0.015,0.02,0.06,0.4,0.04,0.35,0.3606102491603087,0.5736124571479915,1.0,0.3732653877194951,1.0,0.35156915287439683,0.5446369683961607,1.0,0.42434720029737166,0.7868062285739957,0.0,intermediate
0.015,0.02,0.06,0.4,0.04,0.55,0.5112608807598698,0.9763105557818663,1.0,0.0,1.0,0.5255990698884567,0.9908537291504635,1.0,0.0,0.9881552778909332,0.0,adaptive_zone
0.015,0.02,0.06,0.4,0.04,0.75,0.5112608807598698,0.9763105557818663,1.0,0.0,1.0,0.5255990698884567,0.9908537291504635,1.0,0.0,0.9881552778909332,0.0,adaptive_zone
0.015,0.02,0.06,0.4,0.08,0.15,0.16142427517637328,0.1073112772786126,1.0,0.8667561497804177,0.039,0.15048321312687601,0.0851642263682873,1.0,0.913903357059713,0.5536556386393063,0.0,capacity_suppression
0.015,0.02,0.06,0.4,0.08,0.35,0.3553190877999669,0.5565419632923496,1.0,0.38610788186520495,1.0,0.35078058239299764,0.5420077689990356,1.0,0.4254645774059147,0.7782709816461748,0.0,intermediate
0.015,0.02,0.06,0.4,0.08,0.55,0.5112608807598698,0.9763105557818663,1.0,0.0,1.0,0.5255990698884567,0.9908537291504635,1.0,0.0,0.9881552778909332,0.0,adaptive_zone
0.015,0.02,0.06,0.4,0.08,0.75,0.5112608807598698,0.9763105557818663,1.0,0.0,1.0,0.5255990698884567,0.9908537291504635,1.0,0.0,0.9881552778909332,0.0,adaptive_zone
0.015,0.02,0.06,0.4,0.16,0.15,0.15571244290742936,0.09601898268585939,1.0,0.8807589314623087,0.019,0.15023779179019447,0.08490681024664234,1.0,0.9139528185022696,0.5480094913429296,0.0,capacity_suppression
0.015,0.02,0.06,0.4,0.16,0.35,0.35266284501688766,0.547970029148106,1.0,0.39253545879872576,1.0,0.35038927602729125,0.5407039643734789,1.0,0.42599291853766774,0.773985014574053,0.0,intermediate
0.015,0.02,0.06,0.4,0.16,0.55,0.5112608807598698,0.9763105557818663,1.0,0.0,1.0,0.5255990698884567,0.9908537291504635,1.0,0.0,0.9881552778909332,0.0,adaptive_zone
0.015,0.02,0.06,0.4,0.16,0.75,0.5112608807598698,0.9763105557818663,1.0,0.0,1.0,0.5255990698884567,0.9908537291504635,1.0,0.0,0.9881552778909332,0.0,adaptive_zone
0.015,0.02,0.06,0.8,0.04,0.15,0.16142427517637328,0.1073112772786126,1.0,0.43337807489020885,0.039,0.15048321312687601,0.0851642263682873,1.0,0.4569516785298565,0.5536556386393063,0.0,capacity_suppression
0.015,0.02,0.06,0.8,0.04,0.35,0.3553190877999669,0.5565419632923496,1.0,0.19305394093260247,1.0,0.35078058239299764,0.5420077689990356,1.0,0.21273228870295735,0.7782709816461748,0.0,intermediate
0.015,0.02,0.06,0.8,0.04,0.55,0.5112608807598698,0.9763105557818663,1.0,0.0,1.0,0.5255990698884567,0.9908537291504635,1.0,0.0,0.9881552778909332,0.0,adaptive_zone
0.015,0.02,0.06,0.8,0.04,0.75,0.5112608807598698,0.9763105557818663,1.0,0.0,1.0,0.5255990698884567,0.9908537291504635,1.0,0.0,0.9881552778909332,0.0,adaptive_zone
0.015,0.02,0.06,0.8,0.08,0.15,0.15571244290742936,0.09601898268585939,1.0,0.44037946573115433,0.019,0.15023779179019447,0.08490681024664234,1.0,0.4569764092511348,0.5480094913429296,0.0,capacity_suppression
0.015,0.02,0.06,0.8,0.08,0.35,0.35266284501688766,0.547970029148106,1.0,0.19626772939936288,1.0,0.35038927602729125,0.5407039643734789,1.0,0.21299645926883387,0.773985014574053,0.0,intermediate
0.015,0.02,0.06,0.8,0.08,0.55,0.5112608807598698,0.9763105557818663,1.0,0.0,1.0,0.5255990698884567,0.9908537291504635,1.0,0.0,0.9881552778909332,0.0,adaptive_zone
0.015,0.02,0.06,0.8,0.08,0.75,0.5112608807598698,0.9763105557818663,1.0,0.0,1.0,0.5255990698884567,0.9908537291504635,1.0,0.0,0.9881552778909332,0.0,adaptive_zone
0.015,0.02,0.06,0.8,0.16,0.15,0.15285626218471596,0.09037807551702569,1.0,0.44387828008348623,0.01,0.15011794662427752,0.08478133335149939,1.0,0.4569830780946688,0.5451890377585128,0.0,capacity_suppression
0.015,0.02,0.06,0.8,0.16,0.35,0.35133222382206614,0.5436744341976644,1.0,0.19787503849711113,1.0,0.35019438178402407,0.5400548091479578,1.0,0.2131247104451385,0.7718372170988321,0.0,intermediate
0.015,0.02,0.06,0.8,0.16,0.55,0.5112608807598698,0.9763105557818663,1.0,0.0,1.0,0.5255990698884567,0.9908537291504635,1.0,0.0,0.9881552778909332,0.0,adaptive_zone
0.015,0.02,0.06,0.8,0.16,0.75,0.5112608807598698,0.9763105557818663,1.0,0.0,1.0,0.5255990698884567,0.9908537291504635,1.0,0.0,0.9881552778909332,0.0,adaptive_zone
0.015,0.02,0.06,1.2,0.04,0.15,0.15761648296237615,0.09978138874751778,1.0,0.2920307972787951,0.026,0.15031874759601854,0.08499165405808869,1.0,0.30464656859120576,0.5498906943737589,0.0,capacity_suppression
0.015,0.02,0.06,1.2,0.04,0.35,0.3535490116610183,0.5508300133358539,1.0,0.13013087636535015,1.0,0.3505194877106974,0.541137755681222,1.0,0.14193968693230527,0.775415006667927,0.0,intermediate
0.015,0.02,0.06,1.2,0.04,0.55,0.5112608807598698,0.9763105557818663,1.0,0.0,1.0,0.5255990698884567,0.9908537291504635,1.0,0.0,0.9881552778909332,0.0,adaptive_zone
0.015,0.02,0.06,1.2,0.04,0.75,0.5112608807598698,0.9763105557818663,1.0,0.0,1.0,0.5255990698884567,0.9908537291504635,1.0,0.0,0.9881552778909332,0.0,adaptive_zone
0.015,0.02,0.06,1.2,0.08,0.15,0.1538083350118219,0.0922581033055281,1.0,0.29514144070271936,0.013,0.1501576836599216,0.08482292130298373,1.0,0.3046541862529584,0.546129051652764,0.0,capacity_suppression
0.015,0.02,0.06,1.2,0.08,0.35,0.351775944710427,0.5451071763606504,1.0,0.1315595008860135,1.0,0.3502592898788566,0.5402709892641708,1.0,0.1420548336438504,0.7725535881803252,0.0,intermediate
0.015,0.02,0.06,1.2,0.08,0.55,0.5112608807598698,0.9763105557818663,1.0,0.0,1.0,0.5255990698884567,0.9908537291504635,1.0,0.0,0.9881552778909332,0.0,adaptive_zone
0.015,0.02,0.06,1.2,0.08,0.75,0.5112608807598698,0.9763105557818663,1.0,0.0,1.0,0.5255990698884567,0.9908537291504635,1.0,0.0,0.9881552778909332,0.0,adaptive_zone
0.015,0.02,0.06,1.2,0.16,0.15,0.15190418026369354,0.08849800455381665,1.0,0.2966961570464991,0.006,0.15007842049350623,0.08473998225980899,1.0,0.3046562949120072,0.5442490022769083,0.0,capacity_suppression
0.015,0.02,0.06,1.2,0.16,0.35,0.35088832477931253,0.5422402400712212,1.0,0.1322738852081907,1.0,0.3501295305496024,0.5398388346911991,1.0,0.1421112398020749,0.7711201200356106,0.0,intermediate
0.015,0.02,0.06,1.2,0.16,0.55,0.5112608807598698,0.9763105557818663,1.0,0.0,1.0,0.5255990698884567,0.9908537291504635,1.0,0.0,0.9881552778909332,0.0,adaptive_zone
0.015,0.02,0.06,1.2,0.16,0.75,0.5112608807598698,0.9763105557818663,1.0,0.0,1.0,0.5255990698884567,0.9908537291504635,1.0,0.0,0.9881552778909332,0.0,adaptive_zone
0.015,0.05,0.005,0.4,0.04,0.15,0.17284381164150311,0.1299425319129665,1.0,0.8387270143062798,0.079,0.15099727299073207,0.0857054262753324,1.0,0.9137125747404958,0.5649712659564833,0.0,capacity_suppression
0.015,0.05,0.005,0.4,0.04,0.35,0.3606102491603087,0.5736124571479915,1.0,0.3732653877194951,1.0,0.35156915287439683,0.5446369683961607,1.0,0.42434720029737166,0.7868062285739957,0.0,intermediate
0.015,0.05,0.005,0.4,0.04,0.55,0.5112608807598698,0.9763105557818663,1.0,0.0,1.0,0.5255990698884567,0.9908537291504635,1.0,0.0,0.9881552778909332,0.0,adaptive_zone
0.015,0.05,0.005,0.4,0.04,0.75,0.5112608807598698,0.9763105557818663,1.0,0.0,1.0,0.5255990698884567,0.9908537291504635,1.0,0.0,0.9881552778909332,0.0,adaptive_zone
0.015,0.05,0.005,0.4,0.08,0.15,0.16142427517637328,0.1073112772786126,1.0,0.8667561497804177,0.039,0.15048321312687601,0.0851642263682873,1.0,0.913903357059713,0.5536556386393063,0.0,capacity_suppression
0.015,0.05,0.005,0.4,0.08,0.35,0.3553190877999669,0.5565419632923496,1.0,0.38610788186520495,1.0,0.35078058239299764,0.5420077689990356,1.0,0.4254645774059147,0.7782709816461748,0.0,intermediate
0.015,0.05,0.005,0.4,0.08,0.55,0.5112608807598698,0.9763105557818663,1.0,0.0,1.0,0.5255990698884567,0.9908537291504635,1.0,0.0,0.9881552778909332,0.0,adaptive_zone
0.015,0.05,0.005,0.4,0.08,0.75,0.5112608807598698,0.9763105557818663,1.0,0.0,1.0,0.5255990698884567,0.9908537291504635,1.0,0.0,0.9881552778909332,0.0,adaptive_zone
0.015,0.05,0.005,0.4,0.16,0.15,0.15571244290742936,0.09601898268585939,1.0,0.8807589314623087,0.019,0.15023779179019447,0.08490681024664234,1.0,0.9139528185022696,0.5480094913429296,0.0,capacity_suppression
0.015,0.05,0.005,0.4,0.16,0.35,0.35266284501688766,0.547970029148106,1.0,0.39253545879872576,1.0,0.35038927602729125,0.5407039643734789,1.0,0.42599291853766774,0.773985014574053,0.0,intermediate
0.015,0.05,0.005,0.4,0.16,0.55,0.5112608807598698,0.9763105557818663,1.0,0.0,1.0,0.5255990698884567,0.9908537291504635,1.0,0.0,0.9881552778909332,0.0,adaptive_zone
0.015,0.05,0.005,0.4,0.16,0.75,0.5112608807598698,0.9763105557818663,1.0,0.0,1.0,0.5255990698884567,0.9908537291504635,1.0,0.0,0.9881552778909332,0.0,adaptive_zone
0.015,0.05,0.005,0.8,0.04,0.15,0.16142427517637328,0.1073112772786126,1.0,0.43337807489020885,0.039,0.15048321312687601,0.0851642263682873,1.0,0.4569516785298565,0.5536556386393063,0.0,capacity_suppression
0.015,0.05,0.005,0.8,0.04,0.35,0.3553190877999669,0.5565419632923496,1.0,0.19305394093260247,1.0,0.35078058239299764,0.5420077689990356,1.0,0.21273228870295735,0.7782709816461748,0.0,intermediate
0.015,0.05,0.005,0.8,0.04,0.55,0.5112608807598698,0.9763105557818663,1.0,0.0,1.0,0.5255990698884567,0.9908537291504635,1.0,0.0,0.9881552778909332,0.0,adaptive_zone
0.015,0.05,0.005,0.8,0.04,0.75,0.5112608807598698,0.9763105557818663,1.0,0.0,1.0,0.5255990698884567,0.9908537291504635,1.0,0.0,0.9881552778909332,0.0,adaptive_zone
0.015,0.05,0.005,0.8,0.08,0.15,0.15571244290742936,0.09601898268585939,1.0,0.44037946573115433,0.019,0.15023779179019447,0.08490681024664234,1.0,0.4569764092511348,0.5480094913429296,0.0,capacity_suppression
0.015,0.05,0.005,0.8,0.08,0.35,0.35266284501688766,0.547970029148106,1.0,0.19626772939936288,1.0,0.35038927602729125,0.5407039643734789,1.0,0.21299645926883387,0.773985014574053,0.0,intermediate
0.015,0.05,0.005,0.8,0.08,0.55,0.5112608807598698,0.9763105557818663,1.0,0.0,1.0,0.5255990698884567,0.9908537291504635,1.0,0.0,0.9881552778909332,0.0,adaptive_zone
0.015,0.05,0.005,0.8,0.08,0.75,0.5112608807598698,0.9763105557818663,1.0,0.0,1.0,0.5255990698884567,0.9908537291504635,1.0,0.0,0.9881552778909332,0.0,adaptive_zone
0.015,0.05,0.005,0.8,0.16,0.15,0.15285626218471596,0.09037807551702569,1.0,0.44387828008348623,0.01,0.15011794662427752,0.08478133335149939,1.0,0.4569830780946688,0.5451890377585128,0.0,capacity_suppression
0.015,0.05,0.005,0.8,0.16,0.35,0.35133222382206614,0.5436744341976644,1.0,0.19787503849711113,1.0,0.35019438178402407,0.5400548091479578,1.0,0.2131247104451385,0.7718372170988321,0.0,intermediate
0.015,0.05,0.005,0.8,0.16,0.55,0.5112608807598698,0.9763105557818663,1.0,0.0,1.0,0.5255990698884567,0.9908537291504635,1.0,0.0,0.9881552778909332,0.0,adaptive_zone
0.015,0.05,0.005,0.8,0.16,0.75,0.5112608807598698,0.9763105557818663,1.0,0.0,1.0,0.5255990698884567,0.9908537291504635,1.0,0.0,0.9881552778909332,0.0,adaptive_zone
0.015,0.05,0.005,1.2,0.04,0.15,0.15761648296237615,0.09978138874751778,1.0,0.2920307972787951,0.026,0.15031874759601854,0.08499165405808869,1.0,0.30464656859120576,0.5498906943737589,0.0,capacity_suppression
0.015,0.05,0.005,1.2,0.04,0.35,0.3535490116610183,0.5508300133358539,1.0,0.13013087636535015,1.0,0.3505194877106974,0.541137755681222,1.0,0.14193968693230527,0.775415006667927,0.0,intermediate
0.015,0.05,0.005,1.2,0.04,0.55,0.5112608807598698,0.9763105557818663,1.0,0.0,1.0,0.5255990698884567,0.9908537291504635,1.0,0.0,0.9881552778909332,0.0,adaptive_zone
0.015,0.05,0.005,1.2,0.04,0.75,0.5112608807598698,0.9763105557818663,1.0,0.0,1.0,0.5255990698884567,0.9908537291504635,1.0,0.0,0.9881552778909332,0.0,adaptive_zone
0.015,0.05,0.005,1.2,0.08,0.15,0.1538083350118219,0.0922581033055281,1.0,0.29514144070271936,0.013,0.1501576836599216,0.08482292130298373,1.0,0.3046541862529584,0.546129051652764,0.0,capacity_suppression
0.015,0.05,0.005,1.2,0.08,0.35,0.351775944710427,0.5451071763606504,1.0,0.1315595008860135,1.0,0.3502592898788566,0.5402709892641708,1.0,0.1420548336438504,0.7725535881803252,0.0,intermediate
0.015,0.05,0.005,1.2,0.08,0.55,0.5112608807598698,0.9763105557818663,1.0,0.0,1.0,0.5255990698884567,0.9908537291504635,1.0,0.0,0.9881552778909332,0.0,adaptive_zone
0.015,0.05,0.005,1.2,0.08,0.75,0.5112608807598698,0.9763105557818663,1.0,0.0,1.0,0.5255990698884567,0.9908537291504635,1.0,0.0,0.9881552778909332,0.0,adaptive_zone
0.015,0.05,0.005,1.2,0.16,0.15,0.15190418026369354,0.08849800455381665,1.0,0.2966961570464991,0.006,0.15007842049350623,0.08473998225980899,1.0,0.3046562949120072,0.5442490022769083,0.0,capacity_suppression
0.015,0.05,0.005,1.2,0.16,0.35,0.35088832477931253,0.5422402400712212,1.0,0.1322738852081907,1.0,0.3501295305496024,0.5398388346911991,1.0,0.1421112398020749,0.7711201200356106,0.0,intermediate
0.015,0.05,0.005,1.2,0.16,0.55,0.5112608807598698,0.9763105557818663,1.0,0.0,1.0,0.5255990698884567,0.9908537291504635,1.0,0.0,0.9881552778909332,0.0,adaptive_zone
0.015,0.05,0.005,1.2,0.16,0.75,0.5112608807598698,0.9763105557818663,1.0,0.0,1.0,0.5255990698884567,0.9908537291504635,1.0,0.0,0.9881552778909332,0.0,adaptive_zone
0.015,0.05,0.025,0.4,0.04,0.15,0.17284381164150311,0.1299425319129665,1.0,0.8387270143062798,0.079,0.15099727299073207,0.0857054262753324,1.0,0.9137125747404958,0.5649712659564833,0.0,capacity_suppression
0.015,0.05,0.025,0.4,0.04,0.35,0.3606102491603087,0.5736124571479915,1.0,0.3732653877194951,1.0,0.35156915287439683,0.5446369683961607,1.0,0.42434720029737166,0.7868062285739957,0.0,intermediate
0.015,0.05,0.025,0.4,0.04,0.55,0.5112608807598698,0.9763105557818663,1.0,0.0,1.0,0.5255990698884567,0.9908537291504635,1.0,0.0,0.9881552778909332,0.0,adaptive_zone
0.015,0.05,0.025,0.4,0.04,0.75,0.5112608807598698,0.9763105557818663,1.0,0.0,1.0,0.5255990698884567,0.9908537291504635,1.0,0.0,0.9881552778909332,0.0,adaptive_zone
0.015,0.05,0.025,0.4,0.08,0.15,0.16142427517637328,0.1073112772786126,1.0,0.8667561497804177,0.039,0.15048321312687601,0.0851642263682873,1.0,0.913903357059713,0.5536556386393063,0.0,capacity_suppression
0.015,0.05,0.025,0.4,0.08,0.35,0.3553190877999669,0.5565419632923496,1.0,0.38610788186520495,1.0,0.35078058239299764,0.5420077689990356,1.0,0.4254645774059147,0.7782709816461748,0.0,intermediate
0.015,0.05,0.025,0.4,0.08,0.55,0.5112608807598698,0.9763105557818663,1.0,0.0,1.0,0.5255990698884567,0.9908537291504635,1.0,0.0,0.9881552778909332,0.0,adaptive_zone
0.015,0.05,0.025,0.4,0.08,0.75,0.5112608807598698,0.9763105557818663,1.0,0.0,1.0,0.5255990698884567,0.9908537291504635,1.0,0.0,0.9881552778909332,0.0,adaptive_zone
0.015,0.05,0.025,0.4,0.16,0.15,0.15571244290742936,0.09601898268585939,1.0,0.8807589314623087,0.019,0.15023779179019447,0.08490681024664234,1.0,0.9139528185022696,0.5480094913429296,0.0,capacity_suppression
0.015,0.05,0.025,0.4,0.16,0.35,0.35266284501688766,0.547970029148106,1.0,0.39253545879872576,1.0,0.35038927602729125,0.5407039643734789,1.0,0.42599291853766774,0.773985014574053,0.0,intermediate
0.015,0.05,0.025,0.4,0.16,0.55,0.5112608807598698,0.9763105557818663,1.0,0.0,1.0,0.5255990698884567,0.9908537291504635,1.0,0.0,0.9881552778909332,0.0,adaptive_zone
0.015,0.05,0.025,0.4,0.16,0.75,0.5112608807598698,0.9763105557818663,1.0,0.0,1.0,0.5255990698884567,0.9908537291504635,1.0,0.0,0.9881552778909332,0.0,adaptive_zone
0.015,0.05,0.025,0.8,0.04,0.15,0.16142427517637328,0.1073112772786126,1.0,0.43337807489020885,0.039,0.15048321312687601,0.0851642263682873,1.0,0.4569516785298565,0.5536556386393063,0.0,capacity_suppression
0.015,0.05,0.025,0.8,0.04,0.35,0.3553190877999669,0.5565419632923496,1.0,0.19305394093260247,1.0,0.35078058239299764,0.5420077689990356,1.0,0.21273228870295735,0.7782709816461748,0.0,intermediate
0.015,0.05,0.025,0.8,0.04,0.55,0.5112608807598698,0.9763105557818663,1.0,0.0,1.0,0.5255990698884567,0.9908537291504635,1.0,0.0,0.9881552778909332,0.0,adaptive_zone
0.015,0.05,0.025,0.8,0.04,0.75,0.5112608807598698,0.9763105557818663,1.0,0.0,1.0,0.5255990698884567,0.9908537291504635,1.0,0.0,0.9881552778909332,0.0,adaptive_zone
0.015,0.05,0.025,0.8,0.08,0.15,0.15571244290742936,0.09601898268585939,1.0,0.44037946573115433,0.019,0.15023779179019447,0.08490681024664234,1.0,0.4569764092511348,0.5480094913429296,0.0,capacity_suppression
0.015,0.05,0.025,0.8,0.08,0.35,0.35266284501688766,0.547970029148106,1.0,0.19626772939936288,1.0,0.35038927602729125,0.5407039643734789,1.0,0.21299645926883387,0.773985014574053,0.0,intermediate
0.015,0.05,0.025,0.8,0.08,0.55,0.5112608807598698,0.9763105557818663,1.0,0.0,1.0,0.5255990698884567,0.9908537291504635,1.0,0.0,0.9881552778909332,0.0,adaptive_zone
0.015,0.05,0.025,0.8,0.08,0.75,0.5112608807598698,0.9763105557818663,1.0,0.0,1.0,0.5255990698884567,0.9908537291504635,1.0,0.0,0.9881552778909332,0.0,adaptive_zone
0.015,0.05,0.025,0.8,0.16,0.15,0.15285626218471596,0.09037807551702569,1.0,0.44387828008348623,0.01,0.15011794662427752,0.08478133335149939,1.0,0.4569830780946688,0.5451890377585128,0.0,capacity_suppression
0.015,0.05,0.025,0.8,0.16,0.35,0.35133222382206614,0.5436744341976644,1.0,0.19787503849711113,1.0,0.35019438178402407,0.5400548091479578,1.0,0.2131247104451385,0.7718372170988321,0.0,intermediate
0.015,0.05,0.025,0.8,0.16,0.55,0.5112608807598698,0.9763105557818663,1.0,0.0,1.0,0.5255990698884567,0.9908537291504635,1.0,0.0,0.9881552778909332,0.0,adaptive_zone
0.015,0.05,0.025,0.8,0.16,0.75,0.5112608807598698,0.9763105557818663,1.0,0.0,1.0,0.5255990698884567,0.9908537291504635,1.0,0.0,0.9881552778909332,0.0,adaptive_zone
0.015,0.05,0.025,1.2,0.04,0.15,0.15761648296237615,0.09978138874751778,1.0,0.2920307972787951,0.026,0.15031874759601854,0.08499165405808869,1.0,0.30464656859120576,0.5498906943737589,0.0,capacity_suppression
0.015,0.05,0.025,1.2,0.04,0.35,0.3535490116610183,0.5508300133358539,1.0,0.13013087636535015,1.0,0.3505194877106974,0.541137755681222,1.0,0.14193968693230527,0.775415006667927,0.0,intermediate
0.015,0.05,0.025,1.2,0.04,0.55,0.5112608807598698,0.9763105557818663,1.0,0.0,1.0,0.5255990698884567,0.9908537291504635,1.0,0.0,0.9881552778909332,0.0,adaptive_zone
0.015,0.05,0.025,1.2,0.04,0.75,0.5112608807598698,0.9763105557818663,1.0,0.0,1.0,0.5255990698884567,0.9908537291504635,1.0,0.0,0.9881552778909332,0.0,adaptive_zone
0.015,0.05,0.025,1.2,0.08,0.15,0.1538083350118219,0.0922581033055281,1.0,0.29514144070271936,0.013,0.1501576836599216,0.08482292130298373,1.0,0.3046541862529584,0.546129051652764,0.0,capacity_suppression
0.015,0.05,0.025,1.2,0.08,0.35,0.351775944710427,0.5451071763606504,1.0,0.1315595008860135,1.0,0.3502592898788566,0.5402709892641708,1.0,0.1420548336438504,0.7725535881803252,0.0,intermediate
0.015,0.05,0.025,1.2,0.08,0.55,0.5112608807598698,0.9763105557818663,1.0,0.0,1.0,0.5255990698884567,0.9908537291504635,1.0,0.0,0.9881552778909332,0.0,adaptive_zone
0.015,0.05,0.025,1.2,0.08,0.75,0.5112608807598698,0.9763105557818663,1.0,0.0,1.0,0.5255990698884567,0.9908537291504635,1.0,0.0,0.9881552778909332,0.0,adaptive_zone
0.015,0.05,0.025,1.2,0.16,0.15,0.15190418026369354,0.08849800455381665,1.0,0.2966961570464991,0.006,0.15007842049350623,0.08473998225980899,1.0,0.3046562949120072,0.5442490022769083,0.0,capacity_suppression
0.015,0.05,0.025,1.2,0.16,0.35,0.35088832477931253,0.5422402400712212,1.0,0.1322738852081907,1.0,0.3501295305496024,0.5398388346911991,1.0,0.1421112398020749,0.7711201200356106,0.0,intermediate
0.015,0.05,0.025,1.2,0.16,0.55,0.5112608807598698,0.9763105557818663,1.0,0.0,1.0,0.5255990698884567,0.9908537291504635,1.0,0.0,0.9881552778909332,0.0,adaptive_zone
0.015,0.05,0.025,1.2,0.16,0.75,0.5112608807598698,0.9763105557818663,1.0,0.0,1.0,0.5255990698884567,0.9908537291504635,1.0,0.0,0.9881552778909332,0.0,adaptive_zone
0.015,0.05,0.06,0.4,0.04,0.15,0.17284381164150311,0.1299425319129665,1.0,0.8387270143062798,0.079,0.15099727299073207,0.0857054262753324,1.0,0.9137125747404958,0.5649712659564833,0.0,capacity_suppression
0.015,0.05,0.06,0.4,0.04,0.35,0.3606102491603087,0.5736124571479915,1.0,0.3732653877194951,1.0,0.35156915287439683,0.5446369683961607,1.0,0.42434720029737166,0.7868062285739957,0.0,intermediate
0.015,0.05,0.06,0.4,0.04,0.55,0.5112608807598698,0.9763105557818663,1.0,0.0,1.0,0.5255990698884567,0.9908537291504635,1.0,0.0,0.9881552778909332,0.0,adaptive_zone
0.015,0.05,0.06,0.4,0.04,0.75,0.5112608807598698,0.9763105557818663,1.0,0.0,1.0,0.5255990698884567,0.9908537291504635,1.0,0.0,0.9881552778909332,0.0,adaptive_zone
0.015,0.05,0.06,0.4,0.08,0.15,0.16142427517637328,0.1073112772786126,1.0,0.8667561497804177,0.039,0.15048321312687601,0.0851642263682873,1.0,0.913903357059713,0.5536556386393063,0.0,capacity_suppression
0.015,0.05,0.06,0.4,0.08,0.35,0.3553190877999669,0.5565419632923496,1.0,0.38610788186520495,1.0,0.35078058239299764,0.5420077689990356,1.0,0.4254645774059147,0.7782709816461748,0.0,intermediate
0.015,0.05,0.06,0.4,0.08,0.55,0.5112608807598698,0.9763105557818663,1.0,0.0,1.0,0.5255990698884567,0.9908537291504635,1.0,0.0,0.9881552778909332,0.0,adaptive_zone
0.015,0.05,0.06,0.4,0.08,0.75,0.5112608807598698,0.9763105557818663,1.0,0.0,1.0,0.5255990698884567,0.9908537291504635,1.0,0.0,0.9881552778909332,0.0,adaptive_zone
0.015,0.05,0.06,0.4,0.16,0.15,0.15571244290742936,0.09601898268585939,1.0,0.8807589314623087,0.019,0.15023779179019447,0.08490681024664234,1.0,0.9139528185022696,0.5480094913429296,0.0,capacity_suppression
0.015,0.05,0.06,0.4,0.16,0.35,0.35266284501688766,0.547970029148106,1.0,0.39253545879872576,1.0,0.35038927602729125,0.5407039643734789,1.0,0.42599291853766774,0.773985014574053,0.0,intermediate
0.015,0.05,0.06,0.4,0.16,0.55,0.5112608807598698,0.9763105557818663,1.0,0.0,1.0,0.5255990698884567,0.9908537291504635,1.0,0.0,0.9881552778909332,0.0,adaptive_zone
0.015,0.05,0.06,0.4,0.16,0.75,0.5112608807598698,0.9763105557818663,1.0,0.0,1.0,0.5255990698884567,0.9908537291504635,1.0,0.0,0.9881552778909332,0.0,adaptive_zone
0.015,0.05,0.06,0.8,0.04,0.15,0.16142427517637328,0.1073112772786126,1.0,0.43337807489020885,0.039,0.15048321312687601,0.0851642263682873,1.0,0.4569516785298565,0.5536556386393063,0.0,capacity_suppression
0.015,0.05,0.06,0.8,0.04,0.35,0.3553190877999669,0.5565419632923496,1.0,0.19305394093260247,1.0,0.35078058239299764,0.5420077689990356,1.0,0.21273228870295735,0.7782709816461748,0.0,intermediate
0.015,0.05,0.06,0.8,0.04,0.55,0.5112608807598698,0.9763105557818663,1.0,0.0,1.0,0.5255990698884567,0.9908537291504635,1.0,0.0,0.9881552778909332,0.0,adaptive_zone
0.015,0.05,0.06,0.8,0.04,0.75,0.5112608807598698,0.9763105557818663,1.0,0.0,1.0,0.5255990698884567,0.9908537291504635,1.0,0.0,0.9881552778909332,0.0,adaptive_zone
0.015,0.05,0.06,0.8,0.08,0.15,0.15571244290742936,0.09601898268585939,1.0,0.44037946573115433,0.019,0.15023779179019447,0.08490681024664234,1.0,0.4569764092511348,0.5480094913429296,0.0,capacity_suppression
0.015,0.05,0.06,0.8,0.08,0.35,0.35266284501688766,0.547970029148106,1.0,0.19626772939936288,1.0,0.35038927602729125,0.5407039643734789,1.0,0.21299645926883387,0.773985014574053,0.0,intermediate
0.015,0.05,0.06,0.8,0.08,0.55,0.5112608807598698,0.9763105557818663,1.0,0.0,1.0,0.5255990698884567,0.9908537291504635,1.0,0.0,0.9881552778909332,0.0,adaptive_zone
0.015,0.05,0.06,0.8,0.08,0.75,0.5112608807598698,0.9763105557818663,1.0,0.0,1.0,0.5255990698884567,0.9908537291504635,1.0,0.0,0.9881552778909332,0.0,adaptive_zone
0.015,0.05,0.06,0.8,0.16,0.15,0.15285626218471596,0.09037807551702569,1.0,0.44387828008348623,0.01,0.15011794662427752,0.08478133335149939,1.0,0.4569830780946688,0.5451890377585128,0.0,capacity_suppression
0.015,0.05,0.06,0.8,0.16,0.35,0.35133222382206614,0.5436744341976644,1.0,0.19787503849711113,1.0,0.35019438178402407,0.5400548091479578,1.0,0.2131247104451385,0.7718372170988321,0.0,intermediate
0.015,0.05,0.06,0.8,0.16,0.55,0.5112608807598698,0.9763105557818663,1.0,0.0,1.0,0.5255990698884567,0.9908537291504635,1.0,0.0,0.9881552778909332,0.0,adaptive_zone
0.015,0.05,0.06,0.8,0.16,0.75,0.5112608807598698,0.9763105557818663,1.0,0.0,1.0,0.5255990698884567,0.9908537291504635,1.0,0.0,0.9881552778909332,0.0,adaptive_zone
0.015,0.05,0.06,1.2,0.04,0.15,0.15761648296237615,0.09978138874751778,1.0,0.2920307972787951,0.026,0.15031874759601854,0.08499165405808869,1.0,0.30464656859120576,0.5498906943737589,0.0,capacity_suppression
0.015,0.05,0.06,1.2,0.04,0.35,0.3535490116610183,0.5508300133358539,1.0,0.13013087636535015,1.0,0.3505194877106974,0.541137755681222,1.0,0.14193968693230527,0.775415006667927,0.0,intermediate
0.015,0.05,0.06,1.2,0.04,0.55,0.5112608807598698,0.9763105557818663,1.0,0.0,1.0,0.5255990698884567,0.9908537291504635,1.0,0.0,0.9881552778909332,0.0,adaptive_zone
0.015,0.05,0.06,1.2,0.04,0.75,0.5112608807598698,0.9763105557818663,1.0,0.0,1.0,0.5255990698884567,0.9908537291504635,1.0,0.0,0.9881552778909332,0.0,adaptive_zone
0.015,0.05,0.06,1.2,0.08,0.15,0.1538083350118219,0.0922581033055281,1.0,0.29514144070271936,0.013,0.1501576836599216,0.08482292130298373,1.0,0.3046541862529584,0.546129051652764,0.0,capacity_suppression
0.015,0.05,0.06,1.2,0.08,0.35,0.351775944710427,0.5451071763606504,1.0,0.1315595008860135,1.0,0.3502592898788566,0.5402709892641708,1.0,0.1420548336438504,0.7725535881803252,0.0,intermediate
0.015,0.05,0.06,1.2,0.08,0.55,0.5112608807598698,0.9763105557818663,1.0,0.0,1.0,0.5255990698884567,0.9908537291504635,1.0,0.0,0.9881552778909332,0.0,adaptive_zone
0.015,0.05,0.06,1.2,0.08,0.75,0.5112608807598698,0.9763105557818663,1.0,0.0,1.0,0.5255990698884567,0.9908537291504635,1.0,0.0,0.9881552778909332,0.0,adaptive_zone
0.015,0.05,0.06,1.2,0.16,0.15,0.15190418026369354,0.08849800455381665,1.0,0.2966961570464991,0.006,0.15007842049350623,0.08473998225980899,1.0,0.3046562949120072,0.5442490022769083,0.0,capacity_suppression
0.015,0.05,0.06,1.2,0.16,0.35,0.35088832477931253,0.5422402400712212,1.0,0.1322738852081907,1.0,0.3501295305496024,0.5398388346911991,1.0,0.1421112398020749,0.7711201200356106,0.0,intermediate
0.015,0.05,0.06,1.2,0.16,0.55,0.5112608807598698,0.9763105557818663,1.0,0.0,1.0,0.5255990698884567,0.9908537291504635,1.0,0.0,0.9881552778909332,0.0,adaptive_zone
0.015,0.05,0.06,1.2,0.16,0.75,0.5112608807598698,0.9763105557818663,1.0,0.0,1.0,0.5255990698884567,0.9908537291504635,1.0,0.0,0.9881552778909332,0.0,adaptive_zone
0.045,0.005,0.005,0.4,0.04,0.15,0.17284381164150311,0.1299425319129665,0.8685739044980247,0.8387270143062798,0.079,0.15099727299073207,0.0857054262753324,0.7312727464997534,0.9137125747404958,0.49925821820549565,0.13142609550197526,capacity_suppression
0.045,0.005,0.005,0.4,0.04,0.35,0.3606102491603087,0.5736124571479915,0.9624700225881448,0.3732653877194951,1.0,0.35156915287439683,0.5446369683961607,0.9155084790912789,0.42434720029737166,0.7680412398680682,0.03752997741185515,intermediate
0.045,0.005,0.005,0.4,0.04,0.55,0.5112608807598698,0.9763105557818663,1.0,0.0,1.0,0.5255990698884567,0.9908537291504635,1.0,0.0,0.9881552778909332,0.0,adaptive_zone
0.045,0.005,0.005,0.4,0.04,0.75,0.5112608807598698,0.9763105557818663,1.0,0.0,1.0,0.5255990698884567,0.9908537291504635,1.0,0.0,0.9881552778909332,0.0,adaptive_zone
0.045,0.005,0.005,0.4,0.08,0.15,0.16142427517637328,0.1073112772786126,0.858623445994074,0.8667561497804177,0.039,0.15048321312687601,0.0851642263682873,0.722093073136025,0.913903357059713,0.4829673616363433,0.14137655400592597,capacity_suppression
0.045,0.005,0.005,0.4,0.08,0.35,0.3553190877999669,0.5565419632923496,0.9580803964721153,0.38610788186520495,1.0,0.35078058239299764,0.5420077689990356,0.9107092577167692,0.4254645774059147,0.7573111798822325,0.04191960352788471,intermediate
0.045,0.005,0.005,0.4,0.08,0.55,0.5112608807598698,0.9763105557818663,1.0,0.0,1.0,0.5255990698884567,0.9908537291504635,1.0,0.0,0.9881552778909332,0.0,adaptive_zone
0.045,0.005,0.005,0.4,0.08,0.75,0.5112608807598698,0.9763105557818663,1.0,0.0,1.0,0.5255990698884567,0.9908537291504635,1.0,0.0,0.9881552778909332,0.0,adaptive_zone
0.045,0.005,0.005,0.4,0.16,0.15,0.15571244290742936,0.09601898268585939,0.8534074812907323,0.8807589314623087,0.019,0.15023779179019447,0.08490681024664234,0.7175670470956649,0.9139528185022696,0.47471323198829585,0.1465925187092677,capacity_suppression
0.045,0.005,0.005,0.4,0.16,0.35,0.35266284501688766,0.547970029148106,0.9557583660636009,0.39253545879872576,1.0,0.35038927602729125,0.5407039643734789,0.9083248191248744,0.42599291853766774,0.7518641976058534,0.04424163393639913,intermediate
0.045,0.005,0.005,0.4,0.16,0.55,0.5112608807598698,0.9763105557818663,1.0,0.0,1.0,0.5255990698884567,0.9908537291504635,1.0,0.0,0.9881552778909332,0.0,adaptive_zone
0.045,0.005,0.005,0.4,0.16,0.75,0.5112608807598698,0.9763105557818663,1.0,0.0,1.0,0.5255990698884567,0.9908537291504635,1.0,0.0,0.9881552778909332,0.0,adaptive_zone
0.045,0.005,0.005,0.8,0.04,0.15,0.16142427517637328,0.1073112772786126,0.9375631378068797,0.43337807489020885,0.039,0.15048321312687601,0.0851642263682873,0.872226457358923,0.4569516785298565,0.5224372075427461,0.06243686219312028,capacity_suppression
0.045,0.005,0.005,0.8,0.04,0.35,0.3553190877999669,0.5565419632923496,0.9956524108798733,0.19305394093260247,1.0,0.35078058239299764,0.5420077689990356,0.9888215668753481,0.21273228870295735,0.7760971870861115,0.004347589120126671,intermediate
0.045,0.005,0.005,0.8,0.04,0.55,0.5112608807598698,0.9763105557818663,1.0,0.0,1.0,0.5255990698884567,0.9908537291504635,1.0,0.0,0.9881552778909332,0.0,adaptive_zone
0.045,0.005,0.005,0.8,0.04,0.75,0.5112608807598698,0.9763105557818663,1.0,0.0,1.0,0.5255990698884567,0.9908537291504635,1.0,0.0,0.9881552778909332,0.0,adaptive_zone
0.045,0.005,0.005,0.8,0.08,0.15,0.15571244290742936,0.09601898268585939,0.9346957106832604,0.44037946573115433,0.019,0.15023779179019447,0.08490681024664234,0.8694644233903636,0.4569764092511348,0.5153573466845599,0.0653042893167396,capacity_suppression
0.045,0.005,0.005,0.8,0.08,0.35,0.35266284501688766,0.547970029148106,0.995187716149264,0.19626772939936288,1.0,0.35038927602729125,0.5407039643734789,0.9882482545364871,0.21299645926883387,0.771578872648685,0.0048122838507359544,intermediate
0.045,0.005,0.005,0.8,0.08,0.55,0.5112608807598698,0.9763105557818663,1.0,0.0,1.0,0.5255990698884567,0.9908537291504635,1.0,0.0,0.9881552778909332,0.0,adaptive_zone
0.045,0.005,0.005,0.8,0.08,0.75,0.5112608807598698,0.9763105557818663,1.0,0.0,1.0,0.5255990698884567,0.9908537291504635,1.0,0.0,0.9881552778909332,0.0,adaptive_zone
0.045,0.005,0.005,0.8,0.16,0.15,0.15285626218471596,0.09037807551702569,0.9332275963804126,0.44387828008348623,0.01,0.15011794662427752,0.08478133335149939,0.8680901658624337,0.4569830780946688,0.5118028359487191,0.06677240361958736,capacity_suppression
0.045,0.005,0.005,0.8,0.16,0.35,0.35133222382206614,0.5436744341976644,0.9949467553994511,0.19787503849711113,1.0,0.35019438178402407,0.5400548091479578,0.9879639204836488,0.2131247104451385,0.7693105947985577,0.005053244600548901,intermediate
0.045,0.005,0.005,0.8,0.16,0.55,0.5112608807598698,0.9763105557818663,1.0,0.0,1.0,0.5255990698884567,0.9908537291504635,1.0,0.0,0.9881552778909332,0.0,adaptive_zone
0.045,0.005,0.005,0.8,0.16,0.75,0.5112608807598698,0.9763105557818663,1.0,0.0,1.0,0.5255990698884567,0.9908537291504635,1.0,0.0,0.9881552778909332,0.0,adaptive_zone
0.045,0.005,0.005,1.2,0.04,0.15,0.15761648296237615,0.09978138874751778,0.964722618821577,0.2920307972787951,0.026,0.15031874759601854,0.08499165405808869,0.927610211530981,0.30464656859120576,0.5322520037845474,0.03527738117842305,capacity_suppression
0.045,0.005,0.005,1.2,0.04,0.35,0.3535490116610183,0.5508300133358539,1.0,0.13013087636535015,1.0,0.3505194877106974,0.541137755681222,1.0,0.14193968693230527,0.775415006667927,0.0,intermediate
0.045,0.005,0.005,1.2,0.04,0.55,0.5112608807598698,0.9763105557818663,1.0,0.0,1.0,0.5255990698884567,0.9908537291504635,1.0,0.0,0.9881552778909332,0.0,adaptive_zone
0.045,0.005,0.005,1.2,0.04,0.75,0.5112608807598698,0.9763105557818663,1.0,0.0,1.0,0.5255990698884567,0.9908537291504635,1.0,0.0,0.9881552778909332,0.0,adaptive_zone
0.045,0.005,0.005,1.2,0.08,0.15,0.1538083350118219,0.0922581033055281,0.9634495331303264,0.29514144070271936,0.013,0.1501576836599216,0.08482292130298373,0.9263611528602862,0.3046541862529584,0.5278538182179273,0.03655046686967356,capacity_suppression
0.045,0.005,0.005,1.2,0.08,0.35,0.351775944710427,0.5451071763606504,1.0,0.1315595008860135,1.0,0.3502592898788566,0.5402709892641708,1.0,0.1420548336438504,0.7725535881803252,0.0,intermediate
0.045,0.005,0.005,1.2,0.08,0.55,0.5112608807598698,0.9763105557818663,1.0,0.0,1.0,0.5255990698884567,0.9908537291504635,1.0,0.0,0.9881552778909332,0.0,adaptive_zone
0.045,0.005,0.005,1.2,0.08,0.75,0.5112608807598698,0.9763105557818663,1.0,0.0,1.0,0.5255990698884567,0.9908537291504635,1.0,0.0,0.9881552778909332,0.0,adaptive_zone
0.045,0.005,0.005,1.2,0.16,0.15,0.15190418026369354,0.08849800455381665,0.9628021904112269,0.2966961570464991,0.006,0.15007842049350623,0.08473998225980899,0.9257383973084701,0.3046562949120072,0.5256500974825218,0.037197809588773056,capacity_suppression
0.045,0.005,0.005,1.2,0.16,0.35,0.35088832477931253,0.5422402400712212,1.0,0.1322738852081907,1.0,0.3501295305496024,0.5398388346911991,1.0,0.1421112398020749,0.7711201200356106,0.0,intermediate
0.045,0.005,0.005,1.2,0.16,0.55,0.5112608807598698,0.9763105557818663,1.0,0.0,1.0,0.5255990698884567,0.9908537291504635,1.0,0.0,0.9881552778909332,0.0,adaptive_zone
0.045,0.005,0.005,1.2,0.16,0.75,0.5112608807598698,0.9763105557818663,1.0,0.0,1.0,0.5255990698884567,0.9908537291504635,1.0,0.0,0.9881552778909332,0.0,adaptive_zone
0.045,0.005,0.025,0.4,0.04,0.15,0.17284381164150311,0.1299425319129665,0.8795889868491302,0.8387270143062798,0.079,0.15099727299073207,0.0857054262753324,0.7485064562505355,0.9137125747404958,0.5047657593810484,0.12041101315086977,capacity_suppression
0.045,0.005,0.025,0.4,0.04,0.35,0.3606102491603087,0.5736124571479915,0.9999748866819429,0.3732653877194951,1.0,0.35156915287439683,0.5446369683961607,0.9995800811356969,0.42434720029737166,0.7867936719149672,2.5113318057101708e-05,intermediate
0.045,0.005,0.025,0.4,0.04,0.55,0.5112608807598698,0.9763105557818663,1.0,0.0,1.0,0.5255990698884567,0.9908537291504635,1.0,0.0,0.9881552778909332,0.0,adaptive_zone
0.045,0.005,0.025,0.4,0.04,0.75,0.5112608807598698,0.9763105557818663,1.0,0.0,1.0,0.5255990698884567,0.9908537291504635,1.0,0.0,0.9881552778909332,0.0,adaptive_zone
0.045,0.005,0.025,0.4,0.08,0.15,0.16142427517637328,0.1073112772786126,0.8679161278344142,0.8667561497804177,0.039,0.15048321312687601,0.0851642263682873,0.7376390063512555,0.913903357059713,0.4876137025565134,0.13208387216558581,capacity_suppression
0.045,0.005,0.025,0.4,0.08,0.35,0.3553190877999669,0.5565419632923496,0.999951900292743,0.38610788186520495,1.0,0.35078058239299764,0.5420077689990356,0.9993535730793263,0.4254645774059147,0.7782469317925462,4.809970725705437e-05,intermediate
0.045,0.005,0.025,0.4,0.08,0.55,0.5112608807598698,0.9763105557818663,1.0,0.0,1.0,0.5255990698884567,0.9908537291504635,1.0,0.0,0.9881552778909332,0.0,adaptive_zone
0.045,0.005,0.025,0.4,0.08,0.75,0.5112608807598698,0.9763105557818663,1.0,0.0,1.0,0.5255990698884567,0.9908537291504635,1.0,0.0,0.9881552778909332,0.0,adaptive_zone
0.045,0.005,0.025,0.4,0.16,0.15,0.15571244290742936,0.09601898268585939,0.8617982016564462,0.8807589314623087,0.019,0.15023779179019447,0.08490681024664234,0.732298401378434,0.9139528185022696,0.4789085921711528,0.13820179834355384,capacity_suppression
0.045,0.005,0.025,0.4,0.16,0.35,0.35266284501688766,0.547970029148106,0.999936881006915,0.39253545879872576,1.0,0.35038927602729125,0.5407039643734789,0.9992259966181473,0.42599291853766774,0.7739534550775105,6.311899308497626e-05,intermediate
0.045,0.005,0.025,0.4,0.16,0.55,0.5112608807598698,0.9763105557818663,1.0,0.0,1.0,0.5255990698884567,0.9908537291504635,1.0,0.0,0.9881552778909332,0.0,adaptive_zone
0.045,0.005,0.025,0.4,0.16,0.75,0.5112608807598698,0.9763105557818663,1.0,0.0,1.0,0.5255990698884567,0.9908537291504635,1.0,0.0,0.9881552778909332,0.0,adaptive_zone
0.045,0.005,0.025,0.8,0.04,0.15,0.16142427517637328,0.1073112772786126,0.9464936502300433,0.43337807489020885,0.039,0.15048321312687601,0.0851642263682873,0.8885676228819668,0.4569516785298565,0.5269024637543279,0.05350634976995672,capacity_suppression
0.045,0.005,0.025,0.8,0.04,0.35,0.3553190877999669,0.5565419632923496,1.0,0.19305394093260247,1.0,0.35078058239299764,0.5420077689990356,1.0,0.21273228870295735,0.7782709816461748,0.0,intermediate
0.045,0.005,0.025,0.8,0.04,0.55,0.5112608807598698,0.9763105557818663,1.0,0.0,1.0,0.5255990698884567,0.9908537291504635,1.0,0.0,0.9881552778909332,0.0,adaptive_zone
0.045,0.005,0.025,0.8,0.04,0.75,0.5112608807598698,0.9763105557818663,1.0,0.0,1.0,0.5255990698884567,0.9908537291504635,1.0,0.0,0.9881552778909332,0.0,adaptive_zone
0.045,0.005,0.025,0.8,0.08,0.15,0.15571244290742936,0.09601898268585939,0.9431435080139509,0.44037946573115433,0.019,0.15023779179019447,0.08490681024664234,0.8852956120563368,0.4569764092511348,0.5195812453499051,0.05685649198604914,capacity_suppression
0.045,0.005,0.025,0.8,0.08,0.35,0.35266284501688766,0.547970029148106,1.0,0.19626772939936288,1.0,0.35038927602729125,0.5407039643734789,1.0,0.21299645926883387,0.773985014574053,0.0,intermediate
0.045,0.005,0.025,0.8,0.08,0.55,0.5112608807598698,0.9763105557818663,1.0,0.0,1.0,0.5255990698884567,0.9908537291504635,1.0,0.0,0.9881552778909332,0.0,adaptive_zone
0.045,0.005,0.025,0.8,0.08,0.75,0.5112608807598698,0.9763105557818663,1.0,0.0,1.0,0.5255990698884567,0.9908537291504635,1.0,0.0,0.9881552778909332,0.0,adaptive_zone
0.045,0.005,0.025,0.8,0.16,0.15,0.15285626218471596,0.09037807551702569,0.9414237911744425,0.44387828008348623,0.01,0.15011794662427752,0.08478133335149939,0.8836697436126728,0.4569830780946688,0.5159009333457341,0.058576208825557474,capacity_suppression
0.045,0.005,0.025,0.8,0.16,0.35,0.35133222382206614,0.5436744341976644,1.0,0.19787503849711113,1.0,0.35019438178402407,0.5400548091479578,1.0,0.2131247104451385,0.7718372170988321,0.0,intermediate
0.045,0.005,0.025,0.8,0.16,0.55,0.5112608807598698,0.9763105557818663,1.0,0.0,1.0,0.5255990698884567,0.9908537291504635,1.0,0.0,0.9881552778909332,0.0,adaptive_zone
0.045,0.005,0.025,0.8,0.16,0.75,0.5112608807598698,0.9763105557818663,1.0,0.0,1.0,0.5255990698884567,0.9908537291504635,1.0,0.0,0.9881552778909332,0.0,adaptive_zone
0.045,0.005,0.025,1.2,0.04,0.15,0.15761648296237615,0.09978138874751778,0.973070678199414,0.2920307972787951,0.026,0.15031874759601854,0.08499165405808869,0.9437263543772755,0.30464656859120576,0.5364260334734658,0.026929321800586048,capacity_suppression
0.045,0.005,0.025,1.2,0.04,0.35,0.3535490116610183,0.5508300133358539,1.0,0.13013087636535015,1.0,0.3505194877106974,0.541137755681222,1.0,0.14193968693230527,0.775415006667927,0.0,intermediate
0.045,0.005,0.025,1.2,0.04,0.55,0.5112608807598698,0.9763105557818663,1.0,0.0,1.0,0.5255990698884567,0.9908537291504635,1.0,0.0,0.9881552778909332,0.0,adaptive_zone
0.045,0.005,0.025,1.2,0.04,0.75,0.5112608807598698,0.9763105557818663,1.0,0.0,1.0,0.5255990698884567,0.9908537291504635,1.0,0.0,0.9881552778909332,0.0,adaptive_zone
0.045,0.005,0.025,1.2,0.08,0.15,0.1538083350118219,0.0922581033055281,0.9716813171942144,0.29514144070271936,0.013,0.1501576836599216,0.08482292130298373,0.9423363926698012,0.3046541862529584,0.5319697102498713,0.028318682805785644,capacity_suppression
0.045,0.005,0.025,1.2,0.08,0.35,0.351775944710427,0.5451071763606504,1.0,0.1315595008860135,1.0,0.3502592898788566,0.5402709892641708,1.0,0.1420548336438504,0.7725535881803252,0.0,intermediate
0.045,0.005,0.025,1.2,0.08,0.55,0.5112608807598698,0.9763105557818663,1.0,0.0,1.0,0.5255990698884567,0.9908537291504635,1.0,0.0,0.9881552778909332,0.0,adaptive_zone
0.045,0.005,0.025,1.2,0.08,0.75,0.5112608807598698,0.9763105557818663,1.0,0.0,1.0,0.5255990698884567,0.9908537291504635,1.0,0.0,0.9881552778909332,0.0,adaptive_zone
0.045,0.005,0.025,1.2,0.16,0.15,0.15190418026369354,0.08849800455381665,0.9709713296664269,0.2966961570464991,0.006,0.15007842049350623,0.08473998225980899,0.9416429659897996,0.3046562949120072,0.5297346671101217,0.029028670333573148,capacity_suppression
0.045,0.005,0.025,1.2,0.16,0.35,0.35088832477931253,0.5422402400712212,1.0,0.1322738852081907,1.0,0.3501295305496024,0.5398388346911991,1.0,0.1421112398020749,0.7711201200356106,0.0,intermediate
0.045,0.005,0.025,1.2,0.16,0.55,0.5112608807598698,0.9763105557818663,1.0,0.0,1.0,0.5255990698884567,0.9908537291504635,1.0,0.0,0.9881552778909332,0.0,adaptive_zone
0.045,0.005,0.025,1.2,0.16,0.75,0.5112608807598698,0.9763105557818663,1.0,0.0,1.0,0.5255990698884567,0.9908537291504635,1.0,0.0,0.9881552778909332,0.0,adaptive_zone
0.045,0.005,0.06,0.4,0.04,0.15,0.17284381164150311,0.1299425319129665,0.8955621491505079,0.8387270143062798,0.079,0.15099727299073207,0.0857054262753324,0.7758554601773677,0.9137125747404958,0.5127523405317372,0.10443785084949209,capacity_suppression
0.045,0.005,0.06,0.4,0.04,0.35,0.3606102491603087,0.5736124571479915,1.0,0.3732653877194951,1.0,0.35156915287439683,0.5446369683961607,1.0,0.42434720029737166,0.7868062285739957,0.0,intermediate
0.045,0.005,0.06,0.4,0.04,0.55,0.5112608807598698,0.9763105557818663,1.0,0.0,1.0,0.5255990698884567,0.9908537291504635,1.0,0.0,0.9881552778909332,0.0,adaptive_zone
0.045,0.005,0.06,0.4,0.04,0.75,0.5112608807598698,0.9763105557818663,1.0,0.0,1.0,0.5255990698884567,0.9908537291504635,1.0,0.0,0.9881552778909332,0.0,adaptive_zone
0.045,0.005,0.06,0.4,0.08,0.15,0.16142427517637328,0.1073112772786126,0.882490379645861,0.8667561497804177,0.039,0.15048321312687601,0.0851642263682873,0.7634428873913931,0.913903357059713,0.49490082846223676,0.11750962035413903,capacity_suppression
0.045,0.005,0.06,0.4,0.08,0.35,0.3553190877999669,0.5565419632923496,1.0,0.38610788186520495,1.0,0.35078058239299764,0.5420077689990356,1.0,0.4254645774059147,0.7782709816461748,0.0,intermediate
0.045,0.005,0.06,0.4,0.08,0.55,0.5112608807598698,0.9763105557818663,1.0,0.0,1.0,0.5255990698884567,0.9908537291504635,1.0,0.0,0.9881552778909332,0.0,adaptive_zone
0.045,0.005,0.06,0.4,0.08,0.75,0.5112608807598698,0.9763105557818663,1.0,0.0,1.0,0.5255990698884567,0.9908537291504635,1.0,0.0,0.9881552778909332,0.0,adaptive_zone
0.045,0.005,0.06,0.4,0.16,0.15,0.15571244290742936,0.09601898268585939,0.8756143545957616,0.8807589314623087,0.019,0.15023779179019447,0.08490681024664234,0.7573663116316374,0.9139528185022696,0.4858166686408105,0.12438564540423835,capacity_suppression
0.045,0.005,0.06,0.4,0.16,0.35,0.35266284501688766,0.547970029148106,1.0,0.39253545879872576,1.0,0.35038927602729125,0.5407039643734789,1.0,0.42599291853766774,0.773985014574053,0.0,intermediate
0.045,0.005,0.06,0.4,0.16,0.55,0.5112608807598698,0.9763105557818663,1.0,0.0,1.0,0.5255990698884567,0.9908537291504635,1.0,0.0,0.9881552778909332,0.0,adaptive_zone
0.045,0.005,0.06,0.4,0.16,0.75,0.5112608807598698,0.9763105557818663,1.0,0.0,1.0,0.5255990698884567,0.9908537291504635,1.0,0.0,0.9881552778909332,0.0,adaptive_zone
0.045,0.005,0.06,0.8,0.04,0.15,0.16142427517637328,0.1073112772786126,0.9604568202587604,0.43337807489020885,0.039,0.15048321312687601,0.0851642263682873,0.9156071047780582,0.4569516785298565,0.5338840487686866,0.039543179741239554,capacity_suppression
0.045,0.005,0.06,0.8,0.04,0.35,0.3553190877999669,0.5565419632923496,1.0,0.19305394093260247,1.0,0.35078058239299764,0.5420077689990356,1.0,0.21273228870295735,0.7782709816461748,0.0,intermediate
0.045,0.005,0.06,0.8,0.04,0.55,0.5112608807598698,0.9763105557818663,1.0,0.0,1.0,0.5255990698884567,0.9908537291504635,1.0,0.0,0.9881552778909332,0.0,adaptive_zone
0.045,0.005,0.06,0.8,0.04,0.75,0.5112608807598698,0.9763105557818663,1.0,0.0,1.0,0.5255990698884567,0.9908537291504635,1.0,0.0,0.9881552778909332,0.0,adaptive_zone
0.045,0.005,0.06,0.8,0.08,0.15,0.15571244290742936,0.09601898268585939,0.957074117088215,0.44037946573115433,0.019,0.15023779179019447,0.08490681024664234,0.9122167476342408,0.4569764092511348,0.5265465498870372,0.04292588291178501,capacity_suppression
0.045,0.005,0.06,0.8,0.08,0.35,0.35266284501688766,0.547970029148106,1.0,0.19626772939936288,1.0,0.35038927602729125,0.5407039643734789,1.0,0.21299645926883387,0.773985014574053,0.0,intermediate
0.045,0.005,0.06,0.8,0.08,0.55,0.5112608807598698,0.9763105557818663,1.0,0.0,1.0,0.5255990698884567,0.9908537291504635,1.0,0.0,0.9881552778909332,0.0,adaptive_zone
0.045,0.005,0.06,0.8,0.08,0.75,0.5112608807598698,0.9763105557818663,1.0,0.0,1.0,0.5255990698884567,0.9908537291504635,1.0,0.0,0.9881552778909332,0.0,adaptive_zone
0.045,0.005,0.06,0.8,0.16,0.15,0.15285626218471596,0.09037807551702569,0.9553268404755452,0.44387828008348623,0.01,0.15011794662427752,0.08478133335149939,0.9105332542411225,0.4569830780946688,0.5228524579962854,0.04467315952445483,capacity_suppression
0.045,0.005,0.06,0.8,0.16,0.35,0.35133222382206614,0.5436744341976644,1.0,0.19787503849711113,1.0,0.35019438178402407,0.5400548091479578,1.0,0.2131247104451385,0.7718372170988321,0.0,intermediate
0.045,0.005,0.06,0.8,0.16,0.55,0.5112608807598698,0.9763105557818663,1.0,0.0,1.0,0.5255990698884567,0.9908537291504635,1.0,0.0,0.9881552778909332,0.0,adaptive_zone
0.045,0.005,0.06,0.8,0.16,0.75,0.5112608807598698,0.9763105557818663,1.0,0.0,1.0,0.5255990698884567,0.9908537291504635,1.0,0.0,0.9881552778909332,0.0,adaptive_zone
0.045,0.005,0.06,1.2,0.04,0.15,0.15761648296237615,0.09978138874751778,0.9865695190893529,0.2920307972787951,0.026,0.15031874759601854,0.08499165405808869,0.9708568494956998,0.30464656859120576,0.5431754539184354,0.013430480910647136,capacity_suppression
0.045,0.005,0.06,1.2,0.04,0.35,0.3535490116610183,0.5508300133358539,1.0,0.13013087636535015,1.0,0.3505194877106974,0.541137755681222,1.0,0.14193968693230527,0.775415006667927,0.0,intermediate
0.045,0.005,0.06,1.2,0.04,0.55,0.5112608807598698,0.9763105557818663,1.0,0.0,1.0,0.5255990698884567,0.9908537291504635,1.0,0.0,0.9881552778909332,0.0,adaptive_zone
0.045,0.005,0.06,1.2,0.04,0.75,0.5112608807598698,0.9763105557818663,1.0,0.0,1.0,0.5255990698884567,0.9908537291504635,1.0,0.0,0.9881552778909332,0.0,adaptive_zone
0.045,0.005,0.06,1.2,0.08,0.15,0.1538083350118219,0.0922581033055281,0.9855229800178273,0.29514144070271936,0.013,0.1501576836599216,0.08482292130298373,0.9697574657563254,0.3046541862529584,0.5388905416616777,0.014477019982172656,capacity_suppression
0.045,0.005,0.06,1.2,0.08,0.35,0.351775944710427,0.5451071763606504,1.0,0.1315595008860135,1.0,0.3502592898788566,0.5402709892641708,1.0,0.1420548336438504,0.7725535881803252,0.0,intermediate
0.045,0.005,0.06,1.2,0.08,0.55,0.5112608807598698,0.9763105557818663,1.0,0.0,1.0,0.5255990698884567,0.9908537291504635,1.0,0.0,0.9881552778909332,0.0,adaptive_zone
0.045,0.005,0.06,1.2,0.08,0.75,0.5112608807598698,0.9763105557818663,1.0,0.0,1.0,0.5255990698884567,0.9908537291504635,1.0,0.0,0.9881552778909332,0.0,adaptive_zone
0.045,0.005,0.06,1.2,0.16,0.15,0.15190418026369354,0.08849800455381665,0.9849839185140179,0.2966961570464991,0.006,0.15007842049350623,0.08473998225980899,0.9692090878476828,0.3046562949120072,0.5367409615339173,0.015016081485982102,capacity_suppression
0.045,0.005,0.06,1.2,0.16,0.35,0.35088832477931253,0.5422402400712212,1.0,0.1322738852081907,1.0,0.3501295305496024,0.5398388346911991,1.0,0.1421112398020749,0.7711201200356106,0.0,intermediate
0.045,0.005,0.06,1.2,0.16,0.55,0.5112608807598698,0.9763105557818663,1.0,0.0,1.0,0.5255990698884567,0.9908537291504635,1.0,0.0,0.9881552778909332,0.0,adaptive_zone
0.045,0.005,0.06,1.2,0.16,0.75,0.5112608807598698,0.9763105557818663,1.0,0.0,1.0,0.5255990698884567,0.9908537291504635,1.0,0.0,0.9881552778909332,0.0,adaptive_zone
0.045,0.02,0.005,0.4,0.04,0.15,0.17284381164150311,0.1299425319129665,0.9306989174567798,0.8387270143062798,0.079,0.15099727299073207,0.0857054262753324,0.8514587736978235,0.9137125747404958,0.5303207246848731,0.0693010825432202,capacity_suppression
0.045,0.02,0.005,0.4,0.04,0.35,0.3606102491603087,0.5736124571479915,1.0,0.3732653877194951,1.0,0.35156915287439683,0.5446369683961607,1.0,0.42434720029737166,0.7868062285739957,0.0,intermediate
0.045,0.02,0.005,0.4,0.04,0.55,0.5112608807598698,0.9763105557818663,1.0,0.0,1.0,0.5255990698884567,0.9908537291504635,1.0,0.0,0.9881552778909332,0.0,adaptive_zone
0.045,0.02,0.005,0.4,0.04,0.75,0.5112608807598698,0.9763105557818663,1.0,0.0,1.0,0.5255990698884567,0.9908537291504635,1.0,0.0,0.9881552778909332,0.0,adaptive_zone
0.045,0.02,0.005,0.4,0.08,0.15,0.16142427517637328,0.1073112772786126,0.9225967829228533,0.8667561497804177,0.039,0.15048321312687601,0.0851642263682873,0.8438052894274894,0.913903357059713,0.5149540301007329,0.0774032170771467,capacity_suppression
0.045,0.02,0.005,0.4,0.08,0.35,0.3553190877999669,0.5565419632923496,1.0,0.38610788186520495,1.0,0.35078058239299764,0.5420077689990356,1.0,0.4254645774059147,0.7782709816461748,0.0,intermediate
0.045,0.02,0.005,0.4,0.08,0.55,0.5112608807598698,0.9763105557818663,1.0,0.0,1.0,0.5255990698884567,0.9908537291504635,1.0,0.0,0.9881552778909332,0.0,adaptive_zone
0.045,0.02,0.005,0.4,0.08,0.75,0.5112608807598698,0.9763105557818663,1.0,0.0,1.0,0.5255990698884567,0.9908537291504635,1.0,0.0,0.9881552778909332,0.0,adaptive_zone
0.045,0.02,0.005,0.4,0.16,0.15,0.15571244290742936,0.09601898268585939,0.9183312203628476,0.8807589314623087,0.019,0.15023779179019447,0.08490681024664234,0.8400572792679704,0.9139528185022696,0.5071751015243535,0.08166877963715236,capacity_suppression
0.045,0.02,0.005,0.4,0.16,0.35,0.35266284501688766,0.547970029148106,1.0,0.39253545879872576,1.0,0.35038927602729125,0.5407039643734789,1.0,0.42599291853766774,0.773985014574053,0.0,intermediate
0.045,0.02,0.005,0.4,0.16,0.55,0.5112608807598698,0.9763105557818663,1.0,0.0,1.0,0.5255990698884567,0.9908537291504635,1.0,0.0,0.9881552778909332,0.0,adaptive_zone
0.045,0.02,0.005,0.4,0.16,0.75,0.5112608807598698,0.9763105557818663,1.0,0.0,1.0,0.5255990698884567,0.9908537291504635,1.0,0.0,0.9881552778909332,0.0,adaptive_zone
0.045,0.02,0.005,0.8,0.04,0.15,0.16142427517637328,0.1073112772786126,0.9999943289094685,0.43337807489020885,0.039,0.15048321312687601,0.0851642263682873,0.9998930422333708,0.4569516785298565,0.5536528030940405,5.671090531511602e-06,capacity_suppression
0.045,0.02,0.005,0.8,0.04,0.35,0.3553190877999669,0.5565419632923496,1.0,0.19305394093260247,1.0,0.35078058239299764,0.5420077689990356,1.0,0.21273228870295735,0.7782709816461748,0.0,intermediate
0.045,0.02,0.005,0.8,0.04,0.55,0.5112608807598698,0.9763105557818663,1.0,0.0,1.0,0.5255990698884567,0.9908537291504635,1.0,0.0,0.9881552778909332,0.0,adaptive_zone
0.045,0.02,0.005,0.8,0.04,0.75,0.5112608807598698,0.9763105557818663,1.0,0.0,1.0,0.5255990698884567,0.9908537291504635,1.0,0.0,0.9881552778909332,0.0,adaptive_zone
0.045,0.02,0.005,0.8,0.08,0.15,0.15571244290742936,0.09601898268585939,0.9999938384240191,0.44037946573115433,0.019,0.15023779179019447,0.08490681024664234,0.9998875522270734,0.4569764092511348,0.5480064105549393,6.161575980878631e-06,capacity_suppression
0.045,0.02,0.005,0.8,0.08,0.35,0.35266284501688766,0.547970029148106,1.0,0.19626772939936288,1.0,0.35038927602729125,0.5407039643734789,1.0,0.21299645926883387,0.773985014574053,0.0,intermediate
0.045,0.02,0.005,0.8,0.08,0.55,0.5112608807598698,0.9763105557818663,1.0,0.0,1.0,0.5255990698884567,0.9908537291504635,1.0,0.0,0.9881552778909332,0.0,adaptive_zone
0.045,0.02,0.005,0.8,0.08,0.75,0.5112608807598698,0.9763105557818663,1.0,0.0,1.0,0.5255990698884567,0.9908537291504635,1.0,0.0,0.9881552778909332,0.0,adaptive_zone
0.045,0.02,0.005,0.8,0.16,0.15,0.15285626218471596,0.09037807551702569,0.9999936157202297,0.44387828008348623,0.01,0.15011794662427752,0.08478133335149939,0.9998851635009675,0.4569830780946688,0.5451858456186277,6.384279770288437e-06,capacity_suppression
0.045,0.02,0.005,0.8,0.16,0.35,0.35133222382206614,0.5436744341976644,1.0,0.19787503849711113,1.0,0.35019438178402407,0.5400548091479578,1.0,0.2131247104451385,0.7718372170988321,0.0,intermediate
0.045,0.02,0.005,0.8,0.16,0.55,0.5112608807598698,0.9763105557818663,1.0,0.0,1.0,0.5255990698884567,0.9908537291504635,1.0,0.0,0.9881552778909332,0.0,adaptive_zone
0.045,0.02,0.005,0.8,0.16,0.75,0.5112608807598698,0.9763105557818663,1.0,0.0,1.0,0.5255990698884567,0.9908537291504635,1.0,0.0,0.9881552778909332,0.0,adaptive_zone
0.045,0.02,0.005,1.2,0.04,0.15,0.15761648296237615,0.09978138874751778,1.0,0.2920307972787951,0.026,0.15031874759601854,0.08499165405808869,1.0,0.30464656859120576,0.5498906943737589,0.0,capacity_suppression
0.045,0.02,0.005,1.2,0.04,0.35,0.3535490116610183,0.5508300133358539,1.0,0.13013087636535015,1.0,0.3505194877106974,0.541137755681222,1.0,0.14193968693230527,0.775415006667927,0.0,intermediate
0.045,0.02,0.005,1.2,0.04,0.55,0.5112608807598698,0.9763105557818663,1.0,0.0,1.0,0.5255990698884567,0.9908537291504635,1.0,0.0,0.9881552778909332,0.0,adaptive_zone
0.045,0.02,0.005,1.2,0.04,0.75,0.5112608807598698,0.9763105557818663,1.0,0.0,1.0,0.5255990698884567,0.9908537291504635,1.0,0.0,0.9881552778909332,0.0,adaptive_zone
0.045,0.02,0.005,1.2,0.08,0.15,0.1538083350118219,0.0922581033055281,1.0,0.29514144070271936,0.013,0.1501576836599216,0.08482292130298373,1.0,0.3046541862529584,0.546129051652764,0.0,capacity_suppression
0.045,0.02,0.005,1.2,0.08,0.35,0.351775944710427,0.5451071763606504,1.0,0.1315595008860135,1.0,0.3502592898788566,0.5402709892641708,1.0,0.1420548336438504,0.7725535881803252,0.0,intermediate
0.045,0.02,0.005,1.2,0.08,0.55,0.5112608807598698,0.9763105557818663,1.0,0.0,1.0,0.5255990698884567,0.9908537291504635,1.0,0.0,0.9881552778909332,0.0,adaptive_zone
0.045,0.02,0.005,1.2,0.08,0.75,0.5112608807598698,0.9763105557818663,1.0,0.0,1.0,0.5255990698884567,0.9908537291504635,1.0,0.0,0.9881552778909332,0.0,adaptive_zone
0.045,0.02,0.005,1.2,0.16,0.15,0.15190418026369354,0.08849800455381665,1.0,0.2966961570464991,0.006,0.15007842049350623,0.08473998225980899,1.0,0.3046562949120072,0.5442490022769083,0.0,capacity_suppression
0.045,0.02,0.005,1.2,0.16,0.35,0.35088832477931253,0.5422402400712212,1.0,0.1322738852081907,1.0,0.3501295305496024,0.5398388346911991,1.0,0.1421112398020749,0.7711201200356106,0.0,intermediate
0.045,0.02,0.005,1.2,0.16,0.55,0.5112608807598698,0.9763105557818663,1.0,0.0,1.0,0.5255990698884567,0.9908537291504635,1.0,0.0,0.9881552778909332,0.0,adaptive_zone
0.045,0.02,0.005,1.2,0.16,0.75,0.5112608807598698,0.9763105557818663,1.0,0.0,1.0,0.5255990698884567,0.9908537291504635,1.0,0.0,0.9881552778909332,0.0,adaptive_zone
0.045,0.02,0.025,0.4,0.04,0.15,0.17284381164150311,0.1299425319129665,0.9391638615666199,0.8387270143062798,0.079,0.15099727299073207,0.0857054262753324,0.8665110416584487,0.9137125747404958,0.5345531967397932,0.060836138433380094,capacity_suppression
0.045,0.02,0.025,0.4,0.04,0.35,0.3606102491603087,0.5736124571479915,1.0,0.3732653877194951,1.0,0.35156915287439683,0.5446369683961607,1.0,0.42434720029737166,0.7868062285739957,0.0,intermediate
0.045,0.02,0.025,0.4,0.04,0.55,0.5112608807598698,0.9763105557818663,1.0,0.0,1.0,0.5255990698884567,0.9908537291504635,1.0,0.0,0.9881552778909332,0.0,adaptive_zone
0.045,0.02,0.025,0.4,0.04,0.75,0.5112608807598698,0.9763105557818663,1.0,0.0,1.0,0.5255990698884567,0.9908537291504635,1.0,0.0,0.9881552778909332,0.0,adaptive_zone
0.045,0.02,0.025,0.4,0.08,0.15,0.16142427517637328,0.1073112772786126,0.9305934941822877,0.8667561497804177,0.039,0.15048321312687601,0.0851642263682873,0.8582722951159623,0.913903357059713,0.5189523857304501,0.06940650581771235,capacity_suppression
0.045,0.02,0.025,0.4,0.08,0.35,0.3553190877999669,0.5565419632923496,1.0,0.38610788186520495,1.0,0.35078058239299764,0.5420077689990356,1.0,0.4254645774059147,0.7782709816461748,0.0,intermediate
0.045,0.02,0.025,0.4,0.08,0.55,0.5112608807598698,0.9763105557818663,1.0,0.0,1.0,0.5255990698884567,0.9908537291504635,1.0,0.0,0.9881552778909332,0.0,adaptive_zone
0.045,0.02,0.025,0.4,0.08,0.75,0.5112608807598698,0.9763105557818663,1.0,0.0,1.0,0.5255990698884567,0.9908537291504635,1.0,0.0,0.9881552778909332,0.0,adaptive_zone
0.045,0.02,0.025,0.4,0.16,0.15,0.15571244290742936,0.09601898268585939,0.9260664069406447,0.8807589314623087,0.019,0.15023779179019447,0.08490681024664234,0.8542500374445289,0.9139528185022696,0.511042694813252,0.07393359305935532,capacity_suppression
0.045,0.02,0.025,0.4,0.16,0.35,0.35266284501688766,0.547970029148106,1.0,0.39253545879872576,1.0,0.35038927602729125,0.5407039643734789,1.0,0.42599291853766774,0.773985014574053,0.0,intermediate
0.045,0.02,0.025,0.4,0.16,0.55,0.5112608807598698,0.9763105557818663,1.0,0.0,1.0,0.5255990698884567,0.9908537291504635,1.0,0.0,0.9881552778909332,0.0,adaptive_zone
0.045,0.02,0.025,0.4,0.16,0.75,0.5112608807598698,0.9763105557818663,1.0,0.0,1.0,0.5255990698884567,0.9908537291504635,1.0,0.0,0.9881552778909332,0.0,adaptive_zone
0.045,0.02,0.025,0.8,0.04,0.15,0.16142427517637328,0.1073112772786126,1.0,0.43337807489020885,0.039,0.15048321312687601,0.0851642263682873,1.0,0.4569516785298565,0.5536556386393063,0.0,capacity_suppression
0.045,0.02,0.025,0.8,0.04,0.35,0.3553190877999669,0.5565419632923496,1.0,0.19305394093260247,1.0,0.35078058239299764,0.5420077689990356,1.0,0.21273228870295735,0.7782709816461748,0.0,intermediate
0.045,0.02,0.025,0.8,0.04,0.55,0.5112608807598698,0.9763105557818663,1.0,0.0,1.0,0.5255990698884567,0.9908537291504635,1.0,0.0,0.9881552778909332,0.0,adaptive_zone
0.045,0.02,0.025,0.8,0.04,0.75,0.5112608807598698,0.9763105557818663,1.0,0.0,1.0,0.5255990698884567,0.9908537291504635,1.0,0.0,0.9881552778909332,0.0,adaptive_zone
0.045,0.02,0.025,0.8,0.08,0.15,0.15571244290742936,0.09601898268585939,1.0,0.44037946573115433,0.019,0.15023779179019447,0.08490681024664234,1.0,0.4569764092511348,0.5480094913429296,0.0,capacity_suppression
0.045,0.02,0.025,0.8,0.08,0.35,0.35266284501688766,0.547970029148106,1.0,0.19626772939936288,1.0,0.35038927602729125,0.5407039643734789,1.0,0.21299645926883387,0.773985014574053,0.0,intermediate
0.045,0.02,0.025,0.8,0.08,0.55,0.5112608807598698,0.9763105557818663,1.0,0.0,1.0,0.5255990698884567,0.9908537291504635,1.0,0.0,0.9881552778909332,0.0,adaptive_zone
0.045,0.02,0.025,0.8,0.08,0.75,0.5112608807598698,0.9763105557818663,1.0,0.0,1.0,0.5255990698884567,0.9908537291504635,1.0,0.0,0.9881552778909332,0.0,adaptive_zone
0.045,0.02,0.025,0.8,0.16,0.15,0.15285626218471596,0.09037807551702569,1.0,0.44387828008348623,0.01,0.15011794662427752,0.08478133335149939,1.0,0.4569830780946688,0.5451890377585128,0.0,capacity_suppression
0.045,0.02,0.025,0.8,0.16,0.35,0.35133222382206614,0.5436744341976644,1.0,0.19787503849711113,1.0,0.35019438178402407,0.5400548091479578,1.0,0.2131247104451385,0.7718372170988321,0.0,intermediate
0.045,0.02,0.025,0.8,0.16,0.55,0.5112608807598698,0.9763105557818663,1.0,0.0,1.0,0.5255990698884567,0.9908537291504635,1.0,0.0,0.9881552778909332,0.0,adaptive_zone
0.045,0.02,0.025,0.8,0.16,0.75,0.5112608807598698,0.9763105557818663,1.0,0.0,1.0,0.5255990698884567,0.9908537291504635,1.0,0.0,0.9881552778909332,0.0,adaptive_zone
0.045,0.02,0.025,1.2,0.04,0.15,0.15761648296237615,0.09978138874751778,1.0,0.2920307972787951,0.026,0.15031874759601854,0.08499165405808869,1.0,0.30464656859120576,0.5498906943737589,0.0,capacity_suppression
0.045,0.02,0.025,1.2,0.04,0.35,0.3535490116610183,0.5508300133358539,1.0,0.13013087636535015,1.0,0.3505194877106974,0.541137755681222,1.0,0.14193968693230527,0.775415006667927,0.0,intermediate
0.045,0.02,0.025,1.2,0.04,0.55,0.5112608807598698,0.9763105557818663,1.0,0.0,1.0,0.5255990698884567,0.9908537291504635,1.0,0.0,0.9881552778909332,0.0,adaptive_zone
0.045,0.02,0.025,1.2,0.04,0.75,0.5112608807598698,0.9763105557818663,1.0,0.0,1.0,0.5255990698884567,0.9908537291504635,1.0,0.0,0.9881552778909332,0.0,adaptive_zone
0.045,0.02,0.025,1.2,0.08,0.15,0.1538083350118219,0.0922581033055281,1.0,0.29514144070271936,0.013,0.1501576836599216,0.08482292130298373,1.0,0.3046541862529584,0.546129051652764,0.0,capacity_suppression
0.045,0.02,0.025,1.2,0.08,0.35,0.351775944710427,0.5451071763606504,1.0,0.1315595008860135,1.0,0.3502592898788566,0.5402709892641708,1.0,0.1420548336438504,0.7725535881803252,0.0,intermediate
0.045,0.02,0.025,1.2,0.08,0.55,0.5112608807598698,0.9763105557818663,1.0,0.0,1.0,0.5255990698884567,0.9908537291504635,1.0,0.0,0.9881552778909332,0.0,adaptive_zone
0.045,0.02,0.025,1.2,0.08,0.75,0.5112608807598698,0.9763105557818663,1.0,0.0,1.0,0.5255990698884567,0.9908537291504635,1.0,0.0,0.9881552778909332,0.0,adaptive_zone
0.045,0.02,0.025,1.2,0.16,0.15,0.15190418026369354,0.08849800455381665,1.0,0.2966961570464991,0.006,0.15007842049350623,0.08473998225980899,1.0,0.3046562949120072,0.5442490022769083,0.0,capacity_suppression
0.045,0.02,0.025,1.2,0.16,0.35,0.35088832477931253,0.5422402400712212,1.0,0.1322738852081907,1.0,0.3501295305496024,0.5398388346911991,1.0,0.1421112398020749,0.7711201200356106,0.0,intermediate
0.045,0.02,0.025,1.2,0.16,0.55,0.5112608807598698,0.9763105557818663,1.0,0.0,1.0,0.5255990698884567,0.9908537291504635,1.0,0.0,0.9881552778909332,0.0,adaptive_zone
0.045,0.02,0.025,1.2,0.16,0.75,0.5112608807598698,0.9763105557818663,1.0,0.0,1.0,0.5255990698884567,0.9908537291504635,1.0,0.0,0.9881552778909332,0.0,adaptive_zone
0.045,0.02,0.06,0.4,0.04,0.15,0.17284381164150311,0.1299425319129665,0.9521798076117396,0.8387270143062798,0.079,0.15099727299073207,0.0857054262753324,0.8912540389257098,0.9137125747404958,0.5410611697623531,0.04782019238826041,capacity_suppression
0.045,0.02,0.06,0.4,0.04,0.35,0.3606102491603087,0.5736124571479915,1.0,0.3732653877194951,1.0,0.35156915287439683,0.5446369683961607,1.0,0.42434720029737166,0.7868062285739957,0.0,intermediate
0.045,0.02,0.06,0.4,0.04,0.55,0.5112608807598698,0.9763105557818663,1.0,0.0,1.0,0.5255990698884567,0.9908537291504635,1.0,0.0,0.9881552778909332,0.0,adaptive_zone
0.045,0.02,0.06,0.4,0.04,0.75,0.5112608807598698,0.9763105557818663,1.0,0.0,1.0,0.5255990698884567,0.9908537291504635,1.0,0.0,0.9881552778909332,0.0,adaptive_zone
0.045,0.02,0.06,0.4,0.08,0.15,0.16142427517637328,0.1073112772786126,0.9436573491177949,0.8667561497804177,0.039,0.15048321312687601,0.0851642263682873,0.8828002469875259,0.913903357059713,0.5254843131982038,0.056342650882205136,capacity_suppression
0.045,0.02,0.06,0.4,0.08,0.35,0.3553190877999669,0.5565419632923496,1.0,0.38610788186520495,1.0,0.35078058239299764,0.5420077689990356,1.0,0.4254645774059147,0.7782709816461748,0.0,intermediate
0.045,0.02,0.06,0.4,0.08,0.55,0.5112608807598698,0.9763105557818663,1.0,0.0,1.0,0.5255990698884567,0.9908537291504635,1.0,0.0,0.9881552778909332,0.0,adaptive_zone
0.045,0.02,0.06,0.4,0.08,0.75,0.5112608807598698,0.9763105557818663,1.0,0.0,1.0,0.5255990698884567,0.9908537291504635,1.0,0.0,0.9881552778909332,0.0,adaptive_zone
0.045,0.02,0.06,0.4,0.16,0.15,0.15571244290742936,0.09601898268585939,0.9391213440570253,0.8807589314623087,0.019,0.15023779179019447,0.08490681024664234,0.8786879864541798,0.9139528185022696,0.5175701633714423,0.0608786559429747,capacity_suppression
0.045,0.02,0.06,0.4,0.16,0.35,0.35266284501688766,0.547970029148106,1.0,0.39253545879872576,1.0,0.35038927602729125,0.5407039643734789,1.0,0.42599291853766774,0.773985014574053,0.0,intermediate
0.045,0.02,0.06,0.4,0.16,0.55,0.5112608807598698,0.9763105557818663,1.0,0.0,1.0,0.5255990698884567,0.9908537291504635,1.0,0.0,0.9881552778909332,0.0,adaptive_zone
0.045,0.02,0.06,0.4,0.16,0.75,0.5112608807598698,0.9763105557818663,1.0,0.0,1.0,0.5255990698884567,0.9908537291504635,1.0,0.0,0.9881552778909332,0.0,adaptive_zone
0.045,0.02,0.06,0.8,0.04,0.15,0.16142427517637328,0.1073112772786126,1.0,0.43337807489020885,0.039,0.15048321312687601,0.0851642263682873,1.0,0.4569516785298565,0.5536556386393063,0.0,capacity_suppression
0.045,0.02,0.06,0.8,0.04,0.35,0.3553190877999669,0.5565419632923496,1.0,0.19305394093260247,1.0,0.35078058239299764,0.5420077689990356,1.0,0.21273228870295735,0.7782709816461748,0.0,intermediate
0.045,0.02,0.06,0.8,0.04,0.55,0.5112608807598698,0.9763105557818663,1.0,0.0,1.0,0.5255990698884567,0.9908537291504635,1.0,0.0,0.9881552778909332,0.0,adaptive_zone
0.045,0.02,0.06,0.8,0.04,0.75,0.5112608807598698,0.9763105557818663,1.0,0.0,1.0,0.5255990698884567,0.9908537291504635,1.0,0.0,0.9881552778909332,0.0,adaptive_zone
0.045,0.02,0.06,0.8,0.08,0.15,0.15571244290742936,0.09601898268585939,1.0,0.44037946573115433,0.019,0.15023779179019447,0.08490681024664234,1.0,0.4569764092511348,0.5480094913429296,0.0,capacity_suppression
0.045,0.02,0.06,0.8,0.08,0.35,0.35266284501688766,0.547970029148106,1.0,0.19626772939936288,1.0,0.35038927602729125,0.5407039643734789,1.0,0.21299645926883387,0.773985014574053,0.0,intermediate
0.045,0.02,0.06,0.8,0.08,0.55,0.5112608807598698,0.9763105557818663,1.0,0.0,1.0,0.5255990698884567,0.9908537291504635,1.0,0.0,0.9881552778909332,0.0,adaptive_zone
0.045,0.02,0.06,0.8,0.08,0.75,0.5112608807598698,0.9763105557818663,1.0,0.0,1.0,0.5255990698884567,0.9908537291504635,1.0,0.0,0.9881552778909332,0.0,adaptive_zone
0.045,0.02,0.06,0.8,0.16,0.15,0.15285626218471596,0.09037807551702569,1.0,0.44387828008348623,0.01,0.15011794662427752,0.08478133335149939,1.0,0.4569830780946688,0.5451890377585128,0.0,capacity_suppression
0.045,0.02,0.06,0.8,0.16,0.35,0.35133222382206614,0.5436744341976644,1.0,0.19787503849711113,1.0,0.35019438178402407,0.5400548091479578,1.0,0.2131247104451385,0.7718372170988321,0.0,intermediate
0.045,0.02,0.06,0.8,0.16,0.55,0.5112608807598698,0.9763105557818663,1.0,0.0,1.0,0.5255990698884567,0.9908537291504635,1.0,0.0,0.9881552778909332,0.0,adaptive_zone
0.045,0.02,0.06,0.8,0.16,0.75,0.5112608807598698,0.9763105557818663,1.0,0.0,1.0,0.5255990698884567,0.9908537291504635,1.0,0.0,0.9881552778909332,0.0,adaptive_zone
0.045,0.02,0.06,1.2,0.04,0.15,0.15761648296237615,0.09978138874751778,1.0,0.2920307972787951,0.026,0.15031874759601854,0.08499165405808869,1.0,0.30464656859120576,0.5498906943737589,0.0,capacity_suppression
0.045,0.02,0.06,1.2,0.04,0.35,0.3535490116610183,0.5508300133358539,1.0,0.13013087636535015,1.0,0.3505194877106974,0.541137755681222,1.0,0.14193968693230527,0.775415006667927,0.0,intermediate
0.045,0.02,0.06,1.2,0.04,0.55,0.5112608807598698,0.9763105557818663,1.0,0.0,1.0,0.5255990698884567,0.9908537291504635,1.0,0.0,0.9881552778909332,0.0,adaptive_zone
0.045,0.02,0.06,1.2,0.04,0.75,0.5112608807598698,0.9763105557818663,1.0,0.0,1.0,0.5255990698884567,0.9908537291504635,1.0,0.0,0.9881552778909332,0.0,adaptive_zone
0.045,0.02,0.06,1.2,0.08,0.15,0.1538083350118219,0.0922581033055281,1.0,0.29514144070271936,0.013,0.1501576836599216,0.08482292130298373,1.0,0.3046541862529584,0.546129051652764,0.0,capacity_suppression
0.045,0.02,0.06,1.2,0.08,0.35,0.351775944710427,0.5451071763606504,1.0,0.1315595008860135,1.0,0.3502592898788566,0.5402709892641708,1.0,0.1420548336438504,0.7725535881803252,0.0,intermediate
0.045,0.02,0.06,1.2,0.08,0.55,0.5112608807598698,0.9763105557818663,1.0,0.0,1.0,0.5255990698884567,0.9908537291504635,1.0,0.0,0.9881552778909332,0.0,adaptive_zone
0.045,0.02,0.06,1.2,0.08,0.75,0.5112608807598698,0.9763105557818663,1.0,0.0,1.0,0.5255990698884567,0.9908537291504635,1.0,0.0,0.9881552778909332,0.0,adaptive_zone
0.045,0.02,0.06,1.2,0.16,0.15,0.15190418026369354,0.08849800455381665,1.0,0.2966961570464991,0.006,0.15007842049350623,0.08473998225980899,1.0,0.3046562949120072,0.5442490022769083,0.0,capacity_suppression
0.045,0.02,0.06,1.2,0.16,0.35,0.35088832477931253,0.5422402400712212,1.0,0.1322738852081907,1.0,0.3501295305496024,0.5398388346911991,1.0,0.1421112398020749,0.7711201200356106,0.0,intermediate
0.045,0.02,0.06,1.2,0.16,0.55,0.5112608807598698,0.9763105557818663,1.0,0.0,1.0,0.5255990698884567,0.9908537291504635,1.0,0.0,0.9881552778909332,0.0,adaptive_zone
0.045,0.02,0.06,1.2,0.16,0.75,0.5112608807598698,0.9763105557818663,1.0,0.0,1.0,0.5255990698884567,0.9908537291504635,1.0,0.0,0.9881552778909332,0.0,adaptive_zone
0.045,0.05,0.005,0.4,0.04,0.15,0.17284381164150311,0.1299425319129665,1.0,0.8387270143062798,0.079,0.15099727299073207,0.0857054262753324,1.0,0.9137125747404958,0.5649712659564833,0.0,capacity_suppression
0.045,0.05,0.005,0.4,0.04,0.35,0.3606102491603087,0.5736124571479915,1.0,0.3732653877194951,1.0,0.35156915287439683,0.5446369683961607,1.0,0.42434720029737166,0.7868062285739957,0.0,intermediate
0.045,0.05,0.005,0.4,0.04,0.55,0.5112608807598698,0.9763105557818663,1.0,0.0,1.0,0.5255990698884567,0.9908537291504635,1.0,0.0,0.9881552778909332,0.0,adaptive_zone
0.045,0.05,0.005,0.4,0.04,0.75,0.5112608807598698,0.9763105557818663,1.0,0.0,1.0,0.5255990698884567,0.9908537291504635,1.0,0.0,0.9881552778909332,0.0,adaptive_zone
0.045,0.05,0.005,0.4,0.08,0.15,0.16142427517637328,0.1073112772786126,1.0,0.8667561497804177,0.039,0.15048321312687601,0.0851642263682873,1.0,0.913903357059713,0.5536556386393063,0.0,capacity_suppression
0.045,0.05,0.005,0.4,0.08,0.35,0.3553190877999669,0.5565419632923496,1.0,0.38610788186520495,1.0,0.35078058239299764,0.5420077689990356,1.0,0.4254645774059147,0.7782709816461748,0.0,intermediate
0.045,0.05,0.005,0.4,0.08,0.55,0.5112608807598698,0.9763105557818663,1.0,0.0,1.0,0.5255990698884567,0.9908537291504635,1.0,0.0,0.9881552778909332,0.0,adaptive_zone
0.045,0.05,0.005,0.4,0.08,0.75,0.5112608807598698,0.9763105557818663,1.0,0.0,1.0,0.5255990698884567,0.9908537291504635,1.0,0.0,0.9881552778909332,0.0,adaptive_zone
0.045,0.05,0.005,0.4,0.16,0.15,0.15571244290742936,0.09601898268585939,1.0,0.8807589314623087,0.019,0.15023779179019447,0.08490681024664234,1.0,0.9139528185022696,0.5480094913429296,0.0,capacity_suppression
0.045,0.05,0.005,0.4,0.16,0.35,0.35266284501688766,0.547970029148106,1.0,0.39253545879872576,1.0,0.35038927602729125,0.5407039643734789,1.0,0.42599291853766774,0.773985014574053,0.0,intermediate
0.045,0.05,0.005,0.4,0.16,0.55,0.5112608807598698,0.9763105557818663,1.0,0.0,1.0,0.5255990698884567,0.9908537291504635,1.0,0.0,0.9881552778909332,0.0,adaptive_zone
0.045,0.05,0.005,0.4,0.16,0.75,0.5112608807598698,0.9763105557818663,1.0,0.0,1.0,0.5255990698884567,0.9908537291504635,1.0,0.0,0.9881552778909332,0.0,adaptive_zone
0.045,0.05,0.005,0.8,0.04,0.15,0.16142427517637328,0.1073112772786126,1.0,0.43337807489020885,0.039,0.15048321312687601,0.0851642263682873,1.0,0.4569516785298565,0.5536556386393063,0.0,capacity_suppression
0.045,0.05,0.005,0.8,0.04,0.35,0.3553190877999669,0.5565419632923496,1.0,0.19305394093260247,1.0,0.35078058239299764,0.5420077689990356,1.0,0.21273228870295735,0.7782709816461748,0.0,intermediate
0.045,0.05,0.005,0.8,0.04,0.55,0.5112608807598698,0.9763105557818663,1.0,0.0,1.0,0.5255990698884567,0.9908537291504635,1.0,0.0,0.9881552778909332,0.0,adaptive_zone
0.045,0.05,0.005,0.8,0.04,0.75,0.5112608807598698,0.9763105557818663,1.0,0.0,1.0,0.5255990698884567,0.9908537291504635,1.0,0.0,0.9881552778909332,0.0,adaptive_zone
0.045,0.05,0.005,0.8,0.08,0.15,0.15571244290742936,0.09601898268585939,1.0,0.44037946573115433,0.019,0.15023779179019447,0.08490681024664234,1.0,0.4569764092511348,0.5480094913429296,0.0,capacity_suppression
0.045,0.05,0.005,0.8,0.08,0.35,0.35266284501688766,0.547970029148106,1.0,0.19626772939936288,1.0,0.35038927602729125,0.5407039643734789,1.0,0.21299645926883387,0.773985014574053,0.0,intermediate
0.045,0.05,0.005,0.8,0.08,0.55,0.5112608807598698,0.9763105557818663,1.0,0.0,1.0,0.5255990698884567,0.9908537291504635,1.0,0.0,0.9881552778909332,0.0,adaptive_zone
0.045,0.05,0.005,0.8,0.08,0.75,0.5112608807598698,0.9763105557818663,1.0,0.0,1.0,0.5255990698884567,0.9908537291504635,1.0,0.0,0.9881552778909332,0.0,adaptive_zone
0.045,0.05,0.005,0.8,0.16,0.15,0.15285626218471596,0.09037807551702569,1.0,0.44387828008348623,0.01,0.15011794662427752,0.08478133335149939,1.0,0.4569830780946688,0.5451890377585128,0.0,capacity_suppression
0.045,0.05,0.005,0.8,0.16,0.35,0.35133222382206614,0.5436744341976644,1.0,0.19787503849711113,1.0,0.35019438178402407,0.5400548091479578,1.0,0.2131247104451385,0.7718372170988321,0.0,intermediate
0.045,0.05,0.005,0.8,0.16,0.55,0.5112608807598698,0.9763105557818663,1.0,0.0,1.0,0.5255990698884567,0.9908537291504635,1.0,0.0,0.9881552778909332,0.0,adaptive_zone
0.045,0.05,0.005,0.8,0.16,0.75,0.5112608807598698,0.9763105557818663,1.0,0.0,1.0,0.5255990698884567,0.9908537291504635,1.0,0.0,0.9881552778909332,0.0,adaptive_zone
0.045,0.05,0.005,1.2,0.04,0.15,0.15761648296237615,0.09978138874751778,1.0,0.2920307972787951,0.026,0.15031874759601854,0.08499165405808869,1.0,0.30464656859120576,0.5498906943737589,0.0,capacity_suppression
0.045,0.05,0.005,1.2,0.04,0.35,0.3535490116610183,0.5508300133358539,1.0,0.13013087636535015,1.0,0.3505194877106974,0.541137755681222,1.0,0.14193968693230527,0.775415006667927,0.0,intermediate
0.045,0.05,0.005,1.2,0.04,0.55,0.5112608807598698,0.9763105557818663,1.0,0.0,1.0,0.5255990698884567,0.9908537291504635,1.0,0.0,0.9881552778909332,0.0,adaptive_zone
0.045,0.05,0.005,1.2,0.04,0.75,0.5112608807598698,0.9763105557818663,1.0,0.0,1.0,0.5255990698884567,0.9908537291504635,1.0,0.0,0.9881552778909332,0.0,adaptive_zone
0.045,0.05,0.005,1.2,0.08,0.15,0.1538083350118219,0.0922581033055281,1.0,0.29514144070271936,0.013,0.1501576836599216,0.08482292130298373,1.0,0.3046541862529584,0.546129051652764,0.0,capacity_suppression
0.045,0.05,0.005,1.2,0.08,0.35,0.351775944710427,0.5451071763606504,1.0,0.1315595008860135,1.0,0.3502592898788566,0.5402709892641708,1.0,0.1420548336438504,0.7725535881803252,0.0,intermediate
0.045,0.05,0.005,1.2,0.08,0.55,0.5112608807598698,0.9763105557818663,1.0,0.0,1.0,0.5255990698884567,0.9908537291504635,1.0,0.0,0.9881552778909332,0.0,adaptive_zone
0.045,0.05,0.005,1.2,0.08,0.75,0.5112608807598698,0.9763105557818663,1.0,0.0,1.0,0.5255990698884567,0.9908537291504635,1.0,0.0,0.9881552778909332,0.0,adaptive_zone
0.045,0.05,0.005,1.2,0.16,0.15,0.15190418026369354,0.08849800455381665,1.0,0.2966961570464991,0.006,0.15007842049350623,0.08473998225980899,1.0,0.3046562949120072,0.5442490022769083,0.0,capacity_suppression
0.045,0.05,0.005,1.2,0.16,0.35,0.35088832477931253,0.5422402400712212,1.0,0.1322738852081907,1.0,0.3501295305496024,0.5398388346911991,1.0,0.1421112398020749,0.7711201200356106,0.0,intermediate
0.045,0.05,0.005,1.2,0.16,0.55,0.5112608807598698,0.9763105557818663,1.0,0.0,1.0,0.5255990698884567,0.9908537291504635,1.0,0.0,0.9881552778909332,0.0,adaptive_zone
0.045,0.05,0.005,1.2,0.16,0.75,0.5112608807598698,0.9763105557818663,1.0,0.0,1.0,0.5255990698884567,0.9908537291504635,1.0,0.0,0.9881552778909332,0.0,adaptive_zone
0.045,0.05,0.025,0.4,0.04,0.15,0.17284381164150311,0.1299425319129665,1.0,0.8387270143062798,0.079,0.15099727299073207,0.0857054262753324,1.0,0.9137125747404958,0.5649712659564833,0.0,capacity_suppression
0.045,0.05,0.025,0.4,0.04,0.35,0.3606102491603087,0.5736124571479915,1.0,0.3732653877194951,1.0,0.35156915287439683,0.5446369683961607,1.0,0.42434720029737166,0.7868062285739957,0.0,intermediate
0.045,0.05,0.025,0.4,0.04,0.55,0.5112608807598698,0.9763105557818663,1.0,0.0,1.0,0.5255990698884567,0.9908537291504635,1.0,0.0,0.9881552778909332,0.0,adaptive_zone
0.045,0.05,0.025,0.4,0.04,0.75,0.5112608807598698,0.9763105557818663,1.0,0.0,1.0,0.5255990698884567,0.9908537291504635,1.0,0.0,0.9881552778909332,0.0,adaptive_zone
0.045,0.05,0.025,0.4,0.08,0.15,0.16142427517637328,0.1073112772786126,1.0,0.8667561497804177,0.039,0.15048321312687601,0.0851642263682873,1.0,0.913903357059713,0.5536556386393063,0.0,capacity_suppression
0.045,0.05,0.025,0.4,0.08,0.35,0.3553190877999669,0.5565419632923496,1.0,0.38610788186520495,1.0,0.35078058239299764,0.5420077689990356,1.0,0.4254645774059147,0.7782709816461748,0.0,intermediate
0.045,0.05,0.025,0.4,0.08,0.55,0.5112608807598698,0.9763105557818663,1.0,0.0,1.0,0.5255990698884567,0.9908537291504635,1.0,0.0,0.9881552778909332,0.0,adaptive_zone
0.045,0.05,0.025,0.4,0.08,0.75,0.5112608807598698,0.9763105557818663,1.0,0.0,1.0,0.5255990698884567,0.9908537291504635,1.0,0.0,0.9881552778909332,0.0,adaptive_zone
0.045,0.05,0.025,0.4,0.16,0.15,0.15571244290742936,0.09601898268585939,1.0,0.8807589314623087,0.019,0.15023779179019447,0.08490681024664234,1.0,0.9139528185022696,0.5480094913429296,0.0,capacity_suppression
0.045,0.05,0.025,0.4,0.16,0.35,0.35266284501688766,0.547970029148106,1.0,0.39253545879872576,1.0,0.35038927602729125,0.5407039643734789,1.0,0.42599291853766774,0.773985014574053,0.0,intermediate
0.045,0.05,0.025,0.4,0.16,0.55,0.5112608807598698,0.9763105557818663,1.0,0.0,1.0,0.5255990698884567,0.9908537291504635,1.0,0.0,0.9881552778909332,0.0,adaptive_zone
0.045,0.05,0.025,0.4,0.16,0.75,0.5112608807598698,0.9763105557818663,1.0,0.0,1.0,0.5255990698884567,0.9908537291504635,1.0,0.0,0.9881552778909332,0.0,adaptive_zone
0.045,0.05,0.025,0.8,0.04,0.15,0.16142427517637328,0.1073112772786126,1.0,0.43337807489020885,0.039,0.15048321312687601,0.0851642263682873,1.0,0.4569516785298565,0.5536556386393063,0.0,capacity_suppression
0.045,0.05,0.025,0.8,0.04,0.35,0.3553190877999669,0.5565419632923496,1.0,0.19305394093260247,1.0,0.35078058239299764,0.5420077689990356,1.0,0.21273228870295735,0.7782709816461748,0.0,intermediate
0.045,0.05,0.025,0.8,0.04,0.55,0.5112608807598698,0.9763105557818663,1.0,0.0,1.0,0.5255990698884567,0.9908537291504635,1.0,0.0,0.9881552778909332,0.0,adaptive_zone
0.045,0.05,0.025,0.8,0.04,0.75,0.5112608807598698,0.9763105557818663,1.0,0.0,1.0,0.5255990698884567,0.9908537291504635,1.0,0.0,0.9881552778909332,0.0,adaptive_zone
0.045,0.05,0.025,0.8,0.08,0.15,0.15571244290742936,0.09601898268585939,1.0,0.44037946573115433,0.019,0.15023779179019447,0.08490681024664234,1.0,0.4569764092511348,0.5480094913429296,0.0,capacity_suppression
0.045,0.05,0.025,0.8,0.08,0.35,0.35266284501688766,0.547970029148106,1.0,0.19626772939936288,1.0,0.35038927602729125,0.5407039643734789,1.0,0.21299645926883387,0.773985014574053,0.0,intermediate
0.045,0.05,0.025,0.8,0.08,0.55,0.5112608807598698,0.9763105557818663,1.0,0.0,1.0,0.5255990698884567,0.9908537291504635,1.0,0.0,0.9881552778909332,0.0,adaptive_zone
0.045,0.05,0.025,0.8,0.08,0.75,0.5112608807598698,0.9763105557818663,1.0,0.0,1.0,0.5255990698884567,0.9908537291504635,1.0,0.0,0.9881552778909332,0.0,adaptive_zone
0.045,0.05,0.025,0.8,0.16,0.15,0.15285626218471596,0.09037807551702569,1.0,0.44387828008348623,0.01,0.15011794662427752,0.08478133335149939,1.0,0.4569830780946688,0.5451890377585128,0.0,capacity_suppression
0.045,0.05,0.025,0.8,0.16,0.35,0.35133222382206614,0.5436744341976644,1.0,0.19787503849711113,1.0,0.35019438178402407,0.5400548091479578,1.0,0.2131247104451385,0.7718372170988321,0.0,intermediate
0.045,0.05,0.025,0.8,0.16,0.55,0.5112608807598698,0.9763105557818663,1.0,0.0,1.0,0.5255990698884567,0.9908537291504635,1.0,0.0,0.9881552778909332,0.0,adaptive_zone
0.045,0.05,0.025,0.8,0.16,0.75,0.5112608807598698,0.9763105557818663,1.0,0.0,1.0,0.5255990698884567,0.9908537291504635,1.0,0.0,0.9881552778909332,0.0,adaptive_zone
0.045,0.05,0.025,1.2,0.04,0.15,0.15761648296237615,0.09978138874751778,1.0,0.2920307972787951,0.026,0.15031874759601854,0.08499165405808869,1.0,0.30464656859120576,0.5498906943737589,0.0,capacity_suppression
0.045,0.05,0.025,1.2,0.04,0.35,0.3535490116610183,0.5508300133358539,1.0,0.13013087636535015,1.0,0.3505194877106974,0.541137755681222,1.0,0.14193968693230527,0.775415006667927,0.0,intermediate
0.045,0.05,0.025,1.2,0.04,0.55,0.5112608807598698,0.9763105557818663,1.0,0.0,1.0,0.5255990698884567,0.9908537291504635,1.0,0.0,0.9881552778909332,0.0,adaptive_zone
0.045,0.05,0.025,1.2,0.04,0.75,0.5112608807598698,0.9763105557818663,1.0,0.0,1.0,0.5255990698884567,0.9908537291504635,1.0,0.0,0.9881552778909332,0.0,adaptive_zone
0.045,0.05,0.025,1.2,0.08,0.15,0.1538083350118219,0.0922581033055281,1.0,0.29514144070271936,0.013,0.1501576836599216,0.08482292130298373,1.0,0.3046541862529584,0.546129051652764,0.0,capacity_suppression
0.045,0.05,0.025,1.2,0.08,0.35,0.351775944710427,0.5451071763606504,1.0,0.1315595008860135,1.0,0.3502592898788566,0.5402709892641708,1.0,0.1420548336438504,0.7725535881803252,0.0,intermediate
0.045,0.05,0.025,1.2,0.08,0.55,0.5112608807598698,0.9763105557818663,1.0,0.0,1.0,0.5255990698884567,0.9908537291504635,1.0,0.0,0.9881552778909332,0.0,adaptive_zone
0.045,0.05,0.025,1.2,0.08,0.75,0.5112608807598698,0.9763105557818663,1.0,0.0,1.0,0.5255990698884567,0.9908537291504635,1.0,0.0,0.9881552778909332,0.0,adaptive_zone
0.045,0.05,0.025,1.2,0.16,0.15,0.15190418026369354,0.08849800455381665,1.0,0.2966961570464991,0.006,0.15007842049350623,0.08473998225980899,1.0,0.3046562949120072,0.5442490022769083,0.0,capacity_suppression
0.045,0.05,0.025,1.2,0.16,0.35,0.35088832477931253,0.5422402400712212,1.0,0.1322738852081907,1.0,0.3501295305496024,0.5398388346911991,1.0,0.1421112398020749,0.7711201200356106,0.0,intermediate
0.045,0.05,0.025,1.2,0.16,0.55,0.5112608807598698,0.9763105557818663,1.0,0.0,1.0,0.5255990698884567,0.9908537291504635,1.0,0.0,0.9881552778909332,0.0,adaptive_zone
0.045,0.05,0.025,1.2,0.16,0.75,0.5112608807598698,0.9763105557818663,1.0,0.0,1.0,0.5255990698884567,0.9908537291504635,1.0,0.0,0.9881552778909332,0.0,adaptive_zone
0.045,0.05,0.06,0.4,0.04,0.15,0.17284381164150311,0.1299425319129665,1.0,0.8387270143062798,0.079,0.15099727299073207,0.0857054262753324,1.0,0.9137125747404958,0.5649712659564833,0.0,capacity_suppression
0.045,0.05,0.06,0.4,0.04,0.35,0.3606102491603087,0.5736124571479915,1.0,0.3732653877194951,1.0,0.35156915287439683,0.5446369683961607,1.0,0.42434720029737166,0.7868062285739957,0.0,intermediate
0.045,0.05,0.06,0.4,0.04,0.55,0.5112608807598698,0.9763105557818663,1.0,0.0,1.0,0.5255990698884567,0.9908537291504635,1.0,0.0,0.9881552778909332,0.0,adaptive_zone
0.045,0.05,0.06,0.4,0.04,0.75,0.5112608807598698,0.9763105557818663,1.0,0.0,1.0,0.5255990698884567,0.9908537291504635,1.0,0.0,0.9881552778909332,0.0,adaptive_zone
0.045,0.05,0.06,0.4,0.08,0.15,0.16142427517637328,0.1073112772786126,1.0,0.8667561497804177,0.039,0.15048321312687601,0.0851642263682873,1.0,0.913903357059713,0.5536556386393063,0.0,capacity_suppression
0.045,0.05,0.06,0.4,0.08,0.35,0.3553190877999669,0.5565419632923496,1.0,0.38610788186520495,1.0,0.35078058239299764,0.5420077689990356,1.0,0.4254645774059147,0.7782709816461748,0.0,intermediate
0.045,0.05,0.06,0.4,0.08,0.55,0.5112608807598698,0.9763105557818663,1.0,0.0,1.0,0.5255990698884567,0.9908537291504635,1.0,0.0,0.9881552778909332,0.0,adaptive_zone
0.045,0.05,0.06,0.4,0.08,0.75,0.5112608807598698,0.9763105557818663,1.0,0.0,1.0,0.5255990698884567,0.9908537291504635,1.0,0.0,0.9881552778909332,0.0,adaptive_zone
0.045,0.05,0.06,0.4,0.16,0.15,0.15571244290742936,0.09601898268585939,1.0,0.8807589314623087,0.019,0.15023779179019447,0.08490681024664234,1.0,0.9139528185022696,0.5480094913429296,0.0,capacity_suppression
0.045,0.05,0.06,0.4,0.16,0.35,0.35266284501688766,0.547970029148106,1.0,0.39253545879872576,1.0,0.35038927602729125,0.5407039643734789,1.0,0.42599291853766774,0.773985014574053,0.0,intermediate
0.045,0.05,0.06,0.4,0.16,0.55,0.5112608807598698,0.9763105557818663,1.0,0.0,1.0,0.5255990698884567,0.9908537291504635,1.0,0.0,0.9881552778909332,0.0,adaptive_zone
0.045,0.05,0.06,0.4,0.16,0.75,0.5112608807598698,0.9763105557818663,1.0,0.0,1.0,0.5255990698884567,0.9908537291504635,1.0,0.0,0.9881552778909332,0.0,adaptive_zone
0.045,0.05,0.06,0.8,0.04,0.15,0.16142427517637328,0.1073112772786126,1.0,0.43337807489020885,0.039,0.15048321312687601,0.0851642263682873,1.0,0.4569516785298565,0.5536556386393063,0.0,capacity_suppression
0.045,0.05,0.06,0.8,0.04,0.35,0.3553190877999669,0.5565419632923496,1.0,0.19305394093260247,1.0,0.35078058239299764,0.5420077689990356,1.0,0.21273228870295735,0.7782709816461748,0.0,intermediate
0.045,0.05,0.06,0.8,0.04,0.55,0.5112608807598698,0.9763105557818663,1.0,0.0,1.0,0.5255990698884567,0.9908537291504635,1.0,0.0,0.9881552778909332,0.0,adaptive_zone
0.045,0.05,0.06,0.8,0.04,0.75,0.5112608807598698,0.9763105557818663,1.0,0.0,1.0,0.5255990698884567,0.9908537291504635,1.0,0.0,0.9881552778909332,0.0,adaptive_zone
0.045,0.05,0.06,0.8,0.08,0.15,0.15571244290742936,0.09601898268585939,1.0,0.44037946573115433,0.019,0.15023779179019447,0.08490681024664234,1.0,0.4569764092511348,0.5480094913429296,0.0,capacity_suppression
0.045,0.05,0.06,0.8,0.08,0.35,0.35266284501688766,0.547970029148106,1.0,0.19626772939936288,1.0,0.35038927602729125,0.5407039643734789,1.0,0.21299645926883387,0.773985014574053,0.0,intermediate
0.045,0.05,0.06,0.8,0.08,0.55,0.5112608807598698,0.9763105557818663,1.0,0.0,1.0,0.5255990698884567,0.9908537291504635,1.0,0.0,0.9881552778909332,0.0,adaptive_zone
0.045,0.05,0.06,0.8,0.08,0.75,0.5112608807598698,0.9763105557818663,1.0,0.0,1.0,0.5255990698884567,0.9908537291504635,1.0,0.0,0.9881552778909332,0.0,adaptive_zone
0.045,0.05,0.06,0.8,0.16,0.15,0.15285626218471596,0.09037807551702569,1.0,0.44387828008348623,0.01,0.15011794662427752,0.08478133335149939,1.0,0.4569830780946688,0.5451890377585128,0.0,capacity_suppression
0.045,0.05,0.06,0.8,0.16,0.35,0.35133222382206614,0.5436744341976644,1.0,0.19787503849711113,1.0,0.35019438178402407,0.5400548091479578,1.0,0.2131247104451385,0.7718372170988321,0.0,intermediate
0.045,0.05,0.06,0.8,0.16,0.55,0.5112608807598698,0.9763105557818663,1.0,0.0,1.0,0.5255990698884567,0.9908537291504635,1.0,0.0,0.9881552778909332,0.0,adaptive_zone
0.045,0.05,0.06,0.8,0.16,0.75,0.5112608807598698,0.9763105557818663,1.0,0.0,1.0,0.5255990698884567,0.9908537291504635,1.0,0.0,0.9881552778909332,0.0,adaptive_zone
0.045,0.05,0.06,1.2,0.04,0.15,0.15761648296237615,0.09978138874751778,1.0,0.2920307972787951,0.026,0.15031874759601854,0.08499165405808869,1.0,0.30464656859120576,0.5498906943737589,0.0,capacity_suppression
0.045,0.05,0.06,1.2,0.04,0.35,0.3535490116610183,0.5508300133358539,1.0,0.13013087636535015,1.0,0.3505194877106974,0.541137755681222,1.0,0.14193968693230527,0.775415006667927,0.0,intermediate
0.045,0.05,0.06,1.2,0.04,0.55,0.5112608807598698,0.9763105557818663,1.0,0.0,1.0,0.5255990698884567,0.9908537291504635,1.0,0.0,0.9881552778909332,0.0,adaptive_zone
0.045,0.05,0.06,1.2,0.04,0.75,0.5112608807598698,0.9763105557818663,1.0,0.0,1.0,0.5255990698884567,0.9908537291504635,1.0,0.0,0.9881552778909332,0.0,adaptive_zone
0.045,0.05,0.06,1.2,0.08,0.15,0.1538083350118219,0.0922581033055281,1.0,0.29514144070271936,0.013,0.1501576836599216,0.08482292130298373,1.0,0.3046541862529584,0.546129051652764,0.0,capacity_suppression
0.045,0.05,0.06,1.2,0.08,0.35,0.351775944710427,0.5451071763606504,1.0,0.1315595008860135,1.0,0.3502592898788566,0.5402709892641708,1.0,0.1420548336438504,0.7725535881803252,0.0,intermediate
0.045,0.05,0.06,1.2,0.08,0.55,0.5112608807598698,0.9763105557818663,1.0,0.0,1.0,0.5255990698884567,0.9908537291504635,1.0,0.0,0.9881552778909332,0.0,adaptive_zone
0.045,0.05,0.06,1.2,0.08,0.75,0.5112608807598698,0.9763105557818663,1.0,0.0,1.0,0.5255990698884567,0.9908537291504635,1.0,0.0,0.9881552778909332,0.0,adaptive_zone
0.045,0.05,0.06,1.2,0.16,0.15,0.15190418026369354,0.08849800455381665,1.0,0.2966961570464991,0.006,0.15007842049350623,0.08473998225980899,1.0,0.3046562949120072,0.5442490022769083,0.0,capacity_suppression
0.045,0.05,0.06,1.2,0.16,0.35,0.35088832477931253,0.5422402400712212,1.0,0.1322738852081907,1.0,0.3501295305496024,0.5398388346911991,1.0,0.1421112398020749,0.7711201200356106,0.0,intermediate
0.045,0.05,0.06,1.2,0.16,0.55,0.5112608807598698,0.9763105557818663,1.0,0.0,1.0,0.5255990698884567,0.9908537291504635,1.0,0.0,0.9881552778909332,0.0,adaptive_zone
0.045,0.05,0.06,1.2,0.16,0.75,0.5112608807598698,0.9763105557818663,1.0,0.0,1.0,0.5255990698884567,0.9908537291504635,1.0,0.0,0.9881552778909332,0.0,adaptive_zone
0.09,0.005,0.005,0.4,0.04,0.15,0.17284381164150311,0.1299425319129665,0.7430814459076921,0.8387270143062798,0.079,0.15099727299073207,0.0857054262753324,0.5080925294825018,0.9137125747404958,0.4365119889103293,0.2569185540923079,homeostatic_trap
0.09,0.005,0.005,0.4,0.04,0.35,0.3606102491603087,0.5736124571479915,0.8955744898105703,0.3732653877194951,1.0,0.35156915287439683,0.5446369683961607,0.779754464201652,0.42434720029737166,0.734593473479281,0.1044255101894297,intermediate
0.09,0.005,0.005,0.4,0.04,0.55,0.5112608807598698,0.9763105557818663,1.0,0.0,1.0,0.5255990698884567,0.9908537291504635,1.0,0.0,0.9881552778909332,0.0,adaptive_zone
0.09,0.005,0.005,0.4,0.04,0.75,0.5112608807598698,0.9763105557818663,1.0,0.0,1.0,0.5255990698884567,0.9908537291504635,1.0,0.0,0.9881552778909332,0.0,adaptive_zone
0.09,0.005,0.005,0.4,0.08,0.15,0.16142427517637328,0.1073112772786126,0.726820388387795,0.8667561497804177,0.039,0.15048321312687601,0.0851642263682873,0.49583867666684156,0.913903357059713,0.41706583283320375,0.27317961161220505,homeostatic_trap
0.09,0.005,0.005,0.4,0.08,0.35,0.3553190877999669,0.5565419632923496,0.8868353417855347,0.38610788186520495,1.0,0.35078058239299764,0.5420077689990356,0.7711564223302974,0.4254645774059147,0.7216886525389421,0.11316465821446531,intermediate
0.09,0.005,0.005,0.4,0.08,0.55,0.5112608807598698,0.9763105557818663,1.0,0.0,1.0,0.5255990698884567,0.9908537291504635,1.0,0.0,0.9881552778909332,0.0,adaptive_zone
0.09,0.005,0.005,0.4,0.08,0.75,0.5112608807598698,0.9763105557818663,1.0,0.0,1.0,0.5255990698884567,0.9908537291504635,1.0,0.0,0.9881552778909332,0.0,adaptive_zone
0.09,0.005,0.005,0.4,0.16,0.15,0.15571244290742936,0.09601898268585939,0.7182957388473219,0.8807589314623087,0.019,0.15023779179019447,0.08490681024664234,0.48985520616219885,0.9139528185022696,0.40715736076659065,0.2817042611526781,homeostatic_trap
0.09,0.005,0.005,0.4,0.16,0.35,0.35266284501688766,0.547970029148106,0.8822444807057066,0.39253545879872576,1.0,0.35038927602729125,0.5407039643734789,0.766906402428614,0.42599291853766774,0.7151072549269063,0.1177555192942934,intermediate
0.09,0.005,0.005,0.4,0.16,0.55,0.5112608807598698,0.9763105557818663,1.0,0.0,1.0,0.5255990698884567,0.9908537291504635,1.0,0.0,0.9881552778909332,0.0,adaptive_zone
0.09,0.005,0.005,0.4,0.16,0.75,0.5112608807598698,0.9763105557818663,1.0,0.0,1.0,0.5255990698884567,0.9908537291504635,1.0,0.0,0.9881552778909332,0.0,adaptive_zone
0.09,0.005,0.005,0.8,0.04,0.15,0.16142427517637328,0.1073112772786126,0.858623445994074,0.43337807489020885,0.039,0.15048321312687601,0.0851642263682873,0.722093073136025,0.4569516785298565,0.4829673616363433,0.14137655400592597,capacity_suppression
0.09,0.005,0.005,0.8,0.04,0.35,0.3553190877999669,0.5565419632923496,0.9580803964721153,0.19305394093260247,1.0,0.35078058239299764,0.5420077689990356,0.9107092577167692,0.21273228870295735,0.7573111798822325,0.04191960352788471,intermediate
0.09,0.005,0.005,0.8,0.04,0.55,0.5112608807598698,0.9763105557818663,1.0,0.0,1.0,0.5255990698884567,0.9908537291504635,1.0,0.0,0.9881552778909332,0.0,adaptive_zone
0.09,0.005,0.005,0.8,0.04,0.75,0.5112608807598698,0.9763105557818663,1.0,0.0,1.0,0.5255990698884567,0.9908537291504635,1.0,0.0,0.9881552778909332,0.0,adaptive_zone
0.09,0.005,0.005,0.8,0.08,0.15,0.15571244290742936,0.09601898268585939,0.8534074812907323,0.44037946573115433,0.019,0.15023779179019447,0.08490681024664234,0.7175670470956649,0.4569764092511348,0.47471323198829585,0.1465925187092677,capacity_suppression
0.09,0.005,0.005,0.8,0.08,0.35,0.35266284501688766,0.547970029148106,0.9557583660636009,0.19626772939936288,1.0,0.35038927602729125,0.5407039643734789,0.9083248191248744,0.21299645926883387,0.7518641976058534,0.04424163393639913,intermediate
0.09,0.005,0.005,0.8,0.08,0.55,0.5112608807598698,0.9763105557818663,1.0,0.0,1.0,0.5255990698884567,0.9908537291504635,1.0,0.0,0.9881552778909332,0.0,adaptive_zone
0.09,0.005,0.005,0.8,0.08,0.75,0.5112608807598698,0.9763105557818663,1.0,0.0,1.0,0.5255990698884567,0.9908537291504635,1.0,0.0,0.9881552778909332,0.0,adaptive_zone
0.09,0.005,0.005,0.8,0.16,0.15,0.15285626218471596,0.09037807551702569,0.8507397611907993,0.44387828008348623,0.01,0.15011794662427752,0.08478133335149939,0.7153202797486021,0.4569830780946688,0.4705589183539125,0.1492602388092007,capacity_suppression
0.09,0.005,0.005,0.8,0.16,0.35,0.35133222382206614,0.5436744341976644,0.9545655022050594,0.19787503849711113,1.0,0.35019438178402407,0.5400548091479578,0.9071364112265575,0.2131247104451385,0.7491199682013618,0.045434497794940576,intermediate
0.09,0.005,0.005,0.8,0.16,0.55,0.5112608807598698,0.9763105557818663,1.0,0.0,1.0,0.5255990698884567,0.9908537291504635,1.0,0.0,0.9881552778909332,0.0,adaptive_zone
0.09,0.005,0.005,0.8,0.16,0.75,0.5112608807598698,0.9763105557818663,1.0,0.0,1.0,0.5255990698884567,0.9908537291504635,1.0,0.0,0.9881552778909332,0.0,adaptive_zone
0.09,0.005,0.005,1.2,0.04,0.15,0.15761648296237615,0.09978138874751778,0.907719664005347,0.2920307972787951,0.026,0.15031874759601854,0.08499165405808869,0.8166667626089764,0.30464656859120576,0.5037505263764324,0.09228033599465302,capacity_suppression
0.09,0.005,0.005,1.2,0.04,0.35,0.3535490116610183,0.5508300133358539,0.9823892337834008,0.13013087636535015,1.0,0.3505194877106974,0.541137755681222,0.9614556688547753,0.14193968693230527,0.7666096235596274,0.017610766216599183,intermediate
0.09,0.005,0.005,1.2,0.04,0.55,0.5112608807598698,0.9763105557818663,1.0,0.0,1.0,0.5255990698884567,0.9908537291504635,1.0,0.0,0.9881552778909332,0.0,adaptive_zone
0.09,0.005,0.005,1.2,0.04,0.75,0.5112608807598698,0.9763105557818663,1.0,0.0,1.0,0.5255990698884567,0.9908537291504635,1.0,0.0,0.9881552778909332,0.0,adaptive_zone
0.09,0.005,0.005,1.2,0.08,0.15,0.1538083350118219,0.0922581033055281,0.9051961410024287,0.29514144070271936,0.013,0.1501576836599216,0.08482292130298373,0.814364887776545,0.3046541862529584,0.4987271221539784,0.09480385899757127,capacity_suppression
0.09,0.005,0.005,1.2,0.08,0.35,0.351775944710427,0.5451071763606504,0.9815293826608992,0.1315595008860135,1.0,0.3502592898788566,0.5402709892641708,0.9605396601064515,0.1420548336438504,0.7633182795107748,0.018470617339100825,intermediate
0.09,0.005,0.005,1.2,0.08,0.55,0.5112608807598698,0.9763105557818663,1.0,0.0,1.0,0.5255990698884567,0.9908537291504635,1.0,0.0,0.9881552778909332,0.0,adaptive_zone
0.09,0.005,0.005,1.2,0.08,0.75,0.5112608807598698,0.9763105557818663,1.0,0.0,1.0,0.5255990698884567,0.9908537291504635,1.0,0.0,0.9881552778909332,0.0,adaptive_zone
0.09,0.005,0.005,1.2,0.16,0.15,0.15190418026369354,0.08849800455381665,0.9039156727869218,0.2966961570464991,0.006,0.15007842049350623,0.08473998225980899,0.8132188062627473,0.3046562949120072,0.4962068386703692,0.09608432721307825,capacity_suppression
0.09,0.005,0.005,1.2,0.16,0.35,0.35088832477931253,0.5422402400712212,0.9810899795765952,0.1322738852081907,1.0,0.3501295305496024,0.5398388346911991,0.9600821791943903,0.1421112398020749,0.7616651098239082,0.01891002042340484,intermediate
0.09,0.005,0.005,1.2,0.16,0.55,0.5112608807598698,0.9763105557818663,1.0,0.0,1.0,0.5255990698884567,0.9908537291504635,1.0,0.0,0.9881552778909332,0.0,adaptive_zone
0.09,0.005,0.005,1.2,0.16,0.75,0.5112608807598698,0.9763105557818663,1.0,0.0,1.0,0.5255990698884567,0.9908537291504635,1.0,0.0,0.9881552778909332,0.0,adaptive_zone
0.09,0.005,0.025,0.4,0.04,0.15,0.17284381164150311,0.1299425319129665,0.7540097834866819,0.8387270143062798,0.079,0.15099727299073207,0.0857054262753324,0.5228925343521067,0.9137125747404958,0.44197615769982423,0.2459902165133181,homeostatic_trap
0.09,0.005,0.025,0.4,0.04,0.35,0.3606102491603087,0.5736124571479915,0.9426222812776652,0.3732653877194951,1.0,0.35156915287439683,0.5446369683961607,0.8698907128376882,0.42434720029737166,0.7581173692128284,0.05737771872233477,intermediate
0.09,0.005,0.025,0.4,0.04,0.55,0.5112608807598698,0.9763105557818663,1.0,0.0,1.0,0.5255990698884567,0.9908537291504635,1.0,0.0,0.9881552778909332,0.0,adaptive_zone
0.09,0.005,0.025,0.4,0.04,0.75,0.5112608807598698,0.9763105557818663,1.0,0.0,1.0,0.5255990698884567,0.9908537291504635,1.0,0.0,0.9881552778909332,0.0,adaptive_zone
0.09,0.005,0.025,0.4,0.08,0.15,0.16142427517637328,0.1073112772786126,0.735619792762648,0.8667561497804177,0.039,0.15048321312687601,0.0851642263682873,0.5089841335406319,0.913903357059713,0.4214655350206303,0.264380207237352,homeostatic_trap
0.09,0.005,0.025,0.4,0.08,0.35,0.3553190877999669,0.5565419632923496,0.9344259079293679,0.38610788186520495,1.0,0.35078058239299764,0.5420077689990356,0.8613431714942619,0.4254645774059147,0.7454839356108587,0.06557409207063214,intermediate
0.09,0.005,0.025,0.4,0.08,0.55,0.5112608807598698,0.9763105557818663,1.0,0.0,1.0,0.5255990698884567,0.9908537291504635,1.0,0.0,0.9881552778909332,0.0,adaptive_zone
0.09,0.005,0.025,0.4,0.08,0.75,0.5112608807598698,0.9763105557818663,1.0,0.0,1.0,0.5255990698884567,0.9908537291504635,1.0,0.0,0.9881552778909332,0.0,adaptive_zone
0.09,0.005,0.025,0.4,0.16,0.15,0.15571244290742936,0.09601898268585939,0.7260146110930532,0.8807589314623087,0.019,0.15023779179019447,0.08490681024664234,0.5022228971873507,0.9139528185022696,0.4110167968894563,0.2739853889069468,homeostatic_trap
0.09,0.005,0.025,0.4,0.16,0.35,0.35266284501688766,0.547970029148106,0.9300813078861573,0.39253545879872576,1.0,0.35038927602729125,0.5407039643734789,0.8571379264866009,0.42599291853766774,0.7390256685171317,0.06991869211384272,intermediate
0.09,0.005,0.025,0.4,0.16,0.55,0.5112608807598698,0.9763105557818663,1.0,0.0,1.0,0.5255990698884567,0.9908537291504635,1.0,0.0,0.9881552778909332,0.0,adaptive_zone
0.09,0.005,0.025,0.4,0.16,0.75,0.5112608807598698,0.9763105557818663,1.0,0.0,1.0,0.5255990698884567,0.9908537291504635,1.0,0.0,0.9881552778909332,0.0,adaptive_zone
0.09,0.005,0.025,0.8,0.04,0.15,0.16142427517637328,0.1073112772786126,0.8679161278344142,0.43337807489020885,0.039,0.15048321312687601,0.0851642263682873,0.7376390063512555,0.4569516785298565,0.4876137025565134,0.13208387216558581,capacity_suppression
0.09,0.005,0.025,0.8,0.04,0.35,0.3553190877999669,0.5565419632923496,0.999951900292743,0.19305394093260247,1.0,0.35078058239299764,0.5420077689990356,0.9993535730793263,0.21273228870295735,0.7782469317925462,4.809970725705437e-05,intermediate
0.09,0.005,0.025,0.8,0.04,0.55,0.5112608807598698,0.9763105557818663,1.0,0.0,1.0,0.5255990698884567,0.9908537291504635,1.0,0.0,0.9881552778909332,0.0,adaptive_zone
0.09,0.005,0.025,0.8,0.04,0.75,0.5112608807598698,0.9763105557818663,1.0,0.0,1.0,0.5255990698884567,0.9908537291504635,1.0,0.0,0.9881552778909332,0.0,adaptive_zone
0.09,0.005,0.025,0.8,0.08,0.15,0.15571244290742936,0.09601898268585939,0.8617982016564462,0.44037946573115433,0.019,0.15023779179019447,0.08490681024664234,0.732298401378434,0.4569764092511348,0.4789085921711528,0.13820179834355384,capacity_suppression
0.09,0.005,0.025,0.8,0.08,0.35,0.35266284501688766,0.547970029148106,0.999936881006915,0.19626772939936288,1.0,0.35038927602729125,0.5407039643734789,0.9992259966181473,0.21299645926883387,0.7739534550775105,6.311899308497626e-05,intermediate
0.09,0.005,0.025,0.8,0.08,0.55,0.5112608807598698,0.9763105557818663,1.0,0.0,1.0,0.5255990698884567,0.9908537291504635,1.0,0.0,0.9881552778909332,0.0,adaptive_zone
0.09,0.005,0.025,0.8,0.08,0.75,0.5112608807598698,0.9763105557818663,1.0,0.0,1.0,0.5255990698884567,0.9908537291504635,1.0,0.0,0.9881552778909332,0.0,adaptive_zone
0.09,0.005,0.025,0.8,0.16,0.15,0.15285626218471596,0.09037807551702569,0.8586722932164531,0.44387828008348623,0.01,0.15011794662427752,0.08478133335149939,0.7296534972163082,0.4569830780946688,0.4745251843667394,0.1413277067835469,capacity_suppression
0.09,0.005,0.025,0.8,0.16,0.35,0.35133222382206614,0.5436744341976644,0.9999284443451598,0.19787503849711113,1.0,0.35019438178402407,0.5400548091479578,0.999158933261274,0.2131247104451385,0.7718014392714121,7.1555654840183e-05,intermediate
0.09,0.005,0.025,0.8,0.16,0.55,0.5112608807598698,0.9763105557818663,1.0,0.0,1.0,0.5255990698884567,0.9908537291504635,1.0,0.0,0.9881552778909332,0.0,adaptive_zone
0.09,0.005,0.025,0.8,0.16,0.75,0.5112608807598698,0.9763105557818663,1.0,0.0,1.0,0.5255990698884567,0.9908537291504635,1.0,0.0,0.9881552778909332,0.0,adaptive_zone
0.09,0.005,0.025,1.2,0.04,0.15,0.15761648296237615,0.09978138874751778,0.916430837919602,0.2920307972787951,0.026,0.15031874759601854,0.08499165405808869,0.8323929684550301,0.30464656859120576,0.5081061133335599,0.083569162080398,capacity_suppression
0.09,0.005,0.025,1.2,0.04,0.35,0.3535490116610183,0.5508300133358539,1.0,0.13013087636535015,1.0,0.3505194877106974,0.541137755681222,1.0,0.14193968693230527,0.775415006667927,0.0,intermediate
0.09,0.005,0.025,1.2,0.04,0.55,0.5112608807598698,0.9763105557818663,1.0,0.0,1.0,0.5255990698884567,0.9908537291504635,1.0,0.0,0.9881552778909332,0.0,adaptive_zone
0.09,0.005,0.025,1.2,0.04,0.75,0.5112608807598698,0.9763105557818663,1.0,0.0,1.0,0.5255990698884567,0.9908537291504635,1.0,0.0,0.9881552778909332,0.0,adaptive_zone
0.09,0.005,0.025,1.2,0.08,0.15,0.1538083350118219,0.0922581033055281,0.913445297352751,0.29514144070271936,0.013,0.1501576836599216,0.08482292130298373,0.8296478657517555,0.3046541862529584,0.5028517003291396,0.08655470264724896,capacity_suppression
0.09,0.005,0.025,1.2,0.08,0.35,0.351775944710427,0.5451071763606504,1.0,0.1315595008860135,1.0,0.3502592898788566,0.5402709892641708,1.0,0.1420548336438504,0.7725535881803252,0.0,intermediate
0.09,0.005,0.025,1.2,0.08,0.55,0.5112608807598698,0.9763105557818663,1.0,0.0,1.0,0.5255990698884567,0.9908537291504635,1.0,0.0,0.9881552778909332,0.0,adaptive_zone
0.09,0.005,0.025,1.2,0.08,0.75,0.5112608807598698,0.9763105557818663,1.0,0.0,1.0,0.5255990698884567,0.9908537291504635,1.0,0.0,0.9881552778909332,0.0,adaptive_zone
0.09,0.005,0.025,1.2,0.16,0.15,0.15190418026369354,0.08849800455381665,0.911927515074662,0.2966961570464991,0.006,0.15007842049350623,0.08473998225980899,0.8282808692391115,0.3046562949120072,0.5002127598142393,0.08807248492533803,capacity_suppression
0.09,0.005,0.025,1.2,0.16,0.35,0.35088832477931253,0.5422402400712212,1.0,0.1322738852081907,1.0,0.3501295305496024,0.5398388346911991,1.0,0.1421112398020749,0.7711201200356106,0.0,intermediate
0.09,0.005,0.025,1.2,0.16,0.55,0.5112608807598698,0.9763105557818663,1.0,0.0,1.0,0.5255990698884567,0.9908537291504635,1.0,0.0,0.9881552778909332,0.0,adaptive_zone
0.09,0.005,0.025,1.2,0.16,0.75,0.5112608807598698,0.9763105557818663,1.0,0.0,1.0,0.5255990698884567,0.9908537291504635,1.0,0.0,0.9881552778909332,0.0,adaptive_zone
0.09,0.005,0.06,0.4,0.04,0.15,0.17284381164150311,0.1299425319129665,0.7705308660975068,0.8387270143062798,0.079,0.15099727299073207,0.0857054262753324,0.5470410366307329,0.9137125747404958,0.45023669900523666,0.22946913390249324,homeostatic_trap
0.09,0.005,0.06,0.4,0.04,0.35,0.3606102491603087,0.5736124571479915,0.9999923236076188,0.3732653877194951,1.0,0.35156915287439683,0.5446369683961607,0.9997602822870828,0.42434720029737166,0.7868023903778052,7.676392381195107e-06,intermediate
0.09,0.005,0.06,0.4,0.04,0.55,0.5112608807598698,0.9763105557818663,1.0,0.0,1.0,0.5255990698884567,0.9908537291504635,1.0,0.0,0.9881552778909332,0.0,adaptive_zone
0.09,0.005,0.06,0.4,0.04,0.75,0.5112608807598698,0.9763105557818663,1.0,0.0,1.0,0.5255990698884567,0.9908537291504635,1.0,0.0,0.9881552778909332,0.0,adaptive_zone
0.09,0.005,0.06,0.4,0.08,0.15,0.16142427517637328,0.1073112772786126,0.7497064114340155,0.8667561497804177,0.039,0.15048321312687601,0.0851642263682873,0.5311221414201968,0.913903357059713,0.42850884435631403,0.2502935885659845,homeostatic_trap
0.09,0.005,0.06,0.4,0.08,0.35,0.3553190877999669,0.5565419632923496,0.9999742215652924,0.38610788186520495,1.0,0.35078058239299764,0.5420077689990356,0.9994628378452274,0.4254645774059147,0.7782580924288209,2.577843470763508e-05,intermediate
0.09,0.005,0.06,0.4,0.08,0.55,0.5112608807598698,0.9763105557818663,1.0,0.0,1.0,0.5255990698884567,0.9908537291504635,1.0,0.0,0.9881552778909332,0.0,adaptive_zone
0.09,0.005,0.06,0.4,0.08,0.75,0.5112608807598698,0.9763105557818663,1.0,0.0,1.0,0.5255990698884567,0.9908537291504635,1.0,0.0,0.9881552778909332,0.0,adaptive_zone
0.09,0.005,0.06,0.4,0.16,0.15,0.15571244290742936,0.09601898268585939,0.7388464776940574,0.8807589314623087,0.019,0.15023779179019447,0.08490681024664234,0.5234237459421098,0.9139528185022696,0.4174327301899584,0.2611535223059426,homeostatic_trap
0.09,0.005,0.06,0.4,0.16,0.35,0.35266284501688766,0.547970029148106,0.9999595867764964,0.39253545879872576,1.0,0.35038927602729125,0.5407039643734789,0.9992758905537831,0.42599291853766774,0.7739648079623012,4.041322350356591e-05,intermediate
0.09,0.005,0.06,0.4,0.16,0.55,0.5112608807598698,0.9763105557818663,1.0,0.0,1.0,0.5255990698884567,0.9908537291504635,1.0,0.0,0.9881552778909332,0.0,adaptive_zone
0.09,0.005,0.06,0.4,0.16,0.75,0.5112608807598698,0.9763105557818663,1.0,0.0,1.0,0.5255990698884567,0.9908537291504635,1.0,0.0,0.9881552778909332,0.0,adaptive_zone
0.09,0.005,0.06,0.8,0.04,0.15,0.16142427517637328,0.1073112772786126,0.882490379645861,0.43337807489020885,0.039,0.15048321312687601,0.0851642263682873,0.7634428873913931,0.4569516785298565,0.49490082846223676,0.11750962035413903,capacity_suppression
0.09,0.005,0.06,0.8,0.04,0.35,0.3553190877999669,0.5565419632923496,1.0,0.19305394093260247,1.0,0.35078058239299764,0.5420077689990356,1.0,0.21273228870295735,0.7782709816461748,0.0,intermediate
0.09,0.005,0.06,0.8,0.04,0.55,0.5112608807598698,0.9763105557818663,1.0,0.0,1.0,0.5255990698884567,0.9908537291504635,1.0,0.0,0.9881552778909332,0.0,adaptive_zone
0.09,0.005,0.06,0.8,0.04,0.75,0.5112608807598698,0.9763105557818663,1.0,0.0,1.0,0.5255990698884567,0.9908537291504635,1.0,0.0,0.9881552778909332,0.0,adaptive_zone
0.09,0.005,0.06,0.8,0.08,0.15,0.15571244290742936,0.09601898268585939,0.8756143545957616,0.44037946573115433,0.019,0.15023779179019447,0.08490681024664234,0.7573663116316374,0.4569764092511348,0.4858166686408105,0.12438564540423835,capacity_suppression
0.09,0.005,0.06,0.8,0.08,0.35,0.35266284501688766,0.547970029148106,1.0,0.19626772939936288,1.0,0.35038927602729125,0.5407039643734789,1.0,0.21299645926883387,0.773985014574053,0.0,intermediate
0.09,0.005,0.06,0.8,0.08,0.55,0.5112608807598698,0.9763105557818663,1.0,0.0,1.0,0.5255990698884567,0.9908537291504635,1.0,0.0,0.9881552778909332,0.0,adaptive_zone
0.09,0.005,0.06,0.8,0.08,0.75,0.5112608807598698,0.9763105557818663,1.0,0.0,1.0,0.5255990698884567,0.9908537291504635,1.0,0.0,0.9881552778909332,0.0,adaptive_zone
0.09,0.005,0.06,0.8,0.16,0.15,0.15285626218471596,0.09037807551702569,0.8720941764563863,0.44387828008348623,0.01,0.15011794662427752,0.08478133335149939,0.7543612883386976,0.4569830780946688,0.481236125986706,0.12790582354361368,capacity_suppression
0.09,0.005,0.06,0.8,0.16,0.35,0.35133222382206614,0.5436744341976644,1.0,0.19787503849711113,1.0,0.35019438178402407,0.5400548091479578,1.0,0.2131247104451385,0.7718372170988321,0.0,intermediate
0.09,0.005,0.06,0.8,0.16,0.55,0.5112608807598698,0.9763105557818663,1.0,0.0,1.0,0.5255990698884567,0.9908537291504635,1.0,0.0,0.9881552778909332,0.0,adaptive_zone
0.09,0.005,0.06,0.8,0.16,0.75,0.5112608807598698,0.9763105557818663,1.0,0.0,1.0,0.5255990698884567,0.9908537291504635,1.0,0.0,0.9881552778909332,0.0,adaptive_zone
0.09,0.005,0.06,1.2,0.04,0.15,0.15761648296237615,0.09978138874751778,0.9305200562100667,0.2920307972787951,0.026,0.15031874759601854,0.08499165405808869,0.8588874721802905,0.30464656859120576,0.5151507224787922,0.06947994378993327,capacity_suppression
0.09,0.005,0.06,1.2,0.04,0.35,0.3535490116610183,0.5508300133358539,1.0,0.13013087636535015,1.0,0.3505194877106974,0.541137755681222,1.0,0.14193968693230527,0.775415006667927,0.0,intermediate
0.09,0.005,0.06,1.2,0.04,0.55,0.5112608807598698,0.9763105557818663,1.0,0.0,1.0,0.5255990698884567,0.9908537291504635,1.0,0.0,0.9881552778909332,0.0,adaptive_zone
0.09,0.005,0.06,1.2,0.04,0.75,0.5112608807598698,0.9763105557818663,1.0,0.0,1.0,0.5255990698884567,0.9908537291504635,1.0,0.0,0.9881552778909332,0.0,adaptive_zone
0.09,0.005,0.06,1.2,0.08,0.15,0.1538083350118219,0.0922581033055281,0.9272852726631855,0.29514144070271936,0.013,0.1501576836599216,0.08482292130298373,0.8558687719524332,0.3046541862529584,0.5097716879843568,0.0727147273368145,capacity_suppression
0.09,0.005,0.06,1.2,0.08,0.35,0.351775944710427,0.5451071763606504,1.0,0.1315595008860135,1.0,0.3502592898788566,0.5402709892641708,1.0,0.1420548336438504,0.7725535881803252,0.0,intermediate
0.09,0.005,0.06,1.2,0.08,0.55,0.5112608807598698,0.9763105557818663,1.0,0.0,1.0,0.5255990698884567,0.9908537291504635,1.0,0.0,0.9881552778909332,0.0,adaptive_zone
0.09,0.005,0.06,1.2,0.08,0.75,0.5112608807598698,0.9763105557818663,1.0,0.0,1.0,0.5255990698884567,0.9908537291504635,1.0,0.0,0.9881552778909332,0.0,adaptive_zone
0.09,0.005,0.06,1.2,0.16,0.15,0.15190418026369354,0.08849800455381665,0.9256383944458093,0.2966961570464991,0.006,0.15007842049350623,0.08473998225980899,0.8543682592240227,0.3046562949120072,0.507068199499813,0.07436160555419069,capacity_suppression
0.09,0.005,0.06,1.2,0.16,0.35,0.35088832477931253,0.5422402400712212,1.0,0.1322738852081907,1.0,0.3501295305496024,0.5398388346911991,1.0,0.1421112398020749,0.7711201200356106,0.0,intermediate
0.09,0.005,0.06,1.2,0.16,0.55,0.5112608807598698,0.9763105557818663,1.0,0.0,1.0,0.5255990698884567,0.9908537291504635,1.0,0.0,0.9881552778909332,0.0,adaptive_zone
0.09,0.005,0.06,1.2,0.16,0.75,0.5112608807598698,0.9763105557818663,1.0,0.0,1.0,0.5255990698884567,0.9908537291504635,1.0,0.0,0.9881552778909332,0.0,adaptive_zone
0.09,0.02,0.005,0.4,0.04,0.15,0.17284381164150311,0.1299425319129665,0.8001670005220249,0.8387270143062798,0.079,0.15099727299073207,0.0857054262753324,0.6100207692394507,0.9137125747404958,0.46505476621749575,0.19983299947797506,homeostatic_trap
0.09,0.02,0.005,0.4,0.04,0.35,0.3606102491603087,0.5736124571479915,0.9571333823491032,0.3732653877194951,1.0,0.35156915287439683,0.5446369683961607,0.9008888597027398,0.42434720029737166,0.7653729197485473,0.04286661765089683,intermediate
0.09,0.02,0.005,0.4,0.04,0.55,0.5112608807598698,0.9763105557818663,1.0,0.0,1.0,0.5255990698884567,0.9908537291504635,1.0,0.0,0.9881552778909332,0.0,adaptive_zone
0.09,0.02,0.005,0.4,0.04,0.75,0.5112608807598698,0.9763105557818663,1.0,0.0,1.0,0.5255990698884567,0.9908537291504635,1.0,0.0,0.9881552778909332,0.0,adaptive_zone
0.09,0.02,0.005,0.4,0.08,0.15,0.16142427517637328,0.1073112772786126,0.7844943290896911,0.8667561497804177,0.039,0.15048321312687601,0.0851642263682873,0.5981140343792261,0.913903357059713,0.4459028031841518,0.21550567091030892,homeostatic_trap
0.09,0.02,0.005,0.4,0.08,0.35,0.3553190877999669,0.5565419632923496,0.950978822977468,0.38610788186520495,1.0,0.35078058239299764,0.5420077689990356,0.8944765447052503,0.4254645774059147,0.7537603931349088,0.04902117702253195,intermediate
0.09,0.02,0.005,0.4,0.08,0.55,0.5112608807598698,0.9763105557818663,1.0,0.0,1.0,0.5255990698884567,0.9908537291504635,1.0,0.0,0.9881552778909332,0.0,adaptive_zone
0.09,0.02,0.005,0.4,0.08,0.75,0.5112608807598698,0.9763105557818663,1.0,0.0,1.0,0.5255990698884567,0.9908537291504635,1.0,0.0,0.9881552778909332,0.0,adaptive_zone
0.09,0.02,0.005,0.4,0.16,0.15,0.15571244290742936,0.09601898268585939,0.7762994935990593,0.8807589314623087,0.019,0.15023779179019447,0.08490681024664234,0.592337274054361,0.9139528185022696,0.4361592381424593,0.22370050640094075,homeostatic_trap
0.09,0.02,0.005,0.4,0.16,0.35,0.35266284501688766,0.547970029148106,0.9477169456784865,0.39253545879872576,1.0,0.35038927602729125,0.5407039643734789,0.891329711662835,0.42599291853766774,0.7478434874132962,0.05228305432151348,intermediate
0.09,0.02,0.005,0.4,0.16,0.55,0.5112608807598698,0.9763105557818663,1.0,0.0,1.0,0.5255990698884567,0.9908537291504635,1.0,0.0,0.9881552778909332,0.0,adaptive_zone
0.09,0.02,0.005,0.4,0.16,0.75,0.5112608807598698,0.9763105557818663,1.0,0.0,1.0,0.5255990698884567,0.9908537291504635,1.0,0.0,0.9881552778909332,0.0,adaptive_zone
0.09,0.02,0.005,0.8,0.04,0.15,0.16142427517637328,0.1073112772786126,0.9225967829228533,0.43337807489020885,0.039,0.15048321312687601,0.0851642263682873,0.8438052894274894,0.4569516785298565,0.5149540301007329,0.0774032170771467,capacity_suppression
0.09,0.02,0.005,0.8,0.04,0.35,0.3553190877999669,0.5565419632923496,1.0,0.19305394093260247,1.0,0.35078058239299764,0.5420077689990356,1.0,0.21273228870295735,0.7782709816461748,0.0,intermediate
0.09,0.02,0.005,0.8,0.04,0.55,0.5112608807598698,0.9763105557818663,1.0,0.0,1.0,0.5255990698884567,0.9908537291504635,1.0,0.0,0.9881552778909332,0.0,adaptive_zone
0.09,0.02,0.005,0.8,0.04,0.75,0.5112608807598698,0.9763105557818663,1.0,0.0,1.0,0.5255990698884567,0.9908537291504635,1.0,0.0,0.9881552778909332,0.0,adaptive_zone
0.09,0.02,0.005,0.8,0.08,0.15,0.15571244290742936,0.09601898268585939,0.9183312203628476,0.44037946573115433,0.019,0.15023779179019447,0.08490681024664234,0.8400572792679704,0.4569764092511348,0.5071751015243535,0.08166877963715236,capacity_suppression
0.09,0.02,0.005,0.8,0.08,0.35,0.35266284501688766,0.547970029148106,1.0,0.19626772939936288,1.0,0.35038927602729125,0.5407039643734789,1.0,0.21299645926883387,0.773985014574053,0.0,intermediate
0.09,0.02,0.005,0.8,0.08,0.55,0.5112608807598698,0.9763105557818663,1.0,0.0,1.0,0.5255990698884567,0.9908537291504635,1.0,0.0,0.9881552778909332,0.0,adaptive_zone
0.09,0.02,0.005,0.8,0.08,0.75,0.5112608807598698,0.9763105557818663,1.0,0.0,1.0,0.5255990698884567,0.9908537291504635,1.0,0.0,0.9881552778909332,0.0,adaptive_zone
0.09,0.02,0.005,0.8,0.16,0.15,0.15285626218471596,0.09037807551702569,0.9161467373391627,0.44387828008348623,0.01,0.15011794662427752,0.08478133335149939,0.8382037431841416,0.4569830780946688,0.5032624064280942,0.08385326266083726,capacity_suppression
0.09,0.02,0.005,0.8,0.16,0.35,0.35133222382206614,0.5436744341976644,1.0,0.19787503849711113,1.0,0.35019438178402407,0.5400548091479578,1.0,0.2131247104451385,0.7718372170988321,0.0,intermediate
0.09,0.02,0.005,0.8,0.16,0.55,0.5112608807598698,0.9763105557818663,1.0,0.0,1.0,0.5255990698884567,0.9908537291504635,1.0,0.0,0.9881552778909332,0.0,adaptive_zone
0.09,0.02,0.005,0.8,0.16,0.75,0.5112608807598698,0.9763105557818663,1.0,0.0,1.0,0.5255990698884567,0.9908537291504635,1.0,0.0,0.9881552778909332,0.0,adaptive_zone
0.09,0.02,0.005,1.2,0.04,0.15,0.15761648296237615,0.09978138874751778,0.9741459881302261,0.2920307972787951,0.026,0.15031874759601854,0.08499165405808869,0.9460296283089707,0.30464656859120576,0.536963688438872,0.025854011869773874,capacity_suppression
0.09,0.02,0.005,1.2,0.04,0.35,0.3535490116610183,0.5508300133358539,1.0,0.13013087636535015,1.0,0.3505194877106974,0.541137755681222,1.0,0.14193968693230527,0.775415006667927,0.0,intermediate
0.09,0.02,0.005,1.2,0.04,0.55,0.5112608807598698,0.9763105557818663,1.0,0.0,1.0,0.5255990698884567,0.9908537291504635,1.0,0.0,0.9881552778909332,0.0,adaptive_zone
0.09,0.02,0.005,1.2,0.04,0.75,0.5112608807598698,0.9763105557818663,1.0,0.0,1.0,0.5255990698884567,0.9908537291504635,1.0,0.0,0.9881552778909332,0.0,adaptive_zone
0.09,0.02,0.005,1.2,0.08,0.15,0.1538083350118219,0.0922581033055281,0.9727811160806209,0.29514144070271936,0.013,0.1501576836599216,0.08482292130298373,0.9447529026587804,0.3046541862529584,0.5325196096930745,0.0272188839193791,capacity_suppression
0.09,0.02,0.005,1.2,0.08,0.35,0.351775944710427,0.5451071763606504,1.0,0.1315595008860135,1.0,0.3502592898788566,0.5402709892641708,1.0,0.1420548336438504,0.7725535881803252,0.0,intermediate
0.09,0.02,0.005,1.2,0.08,0.55,0.5112608807598698,0.9763105557818663,1.0,0.0,1.0,0.5255990698884567,0.9908537291504635,1.0,0.0,0.9881552778909332,0.0,adaptive_zone
0.09,0.02,0.005,1.2,0.08,0.75,0.5112608807598698,0.9763105557818663,1.0,0.0,1.0,0.5255990698884567,0.9908537291504635,1.0,0.0,0.9881552778909332,0.0,adaptive_zone
0.09,0.02,0.005,1.2,0.16,0.15,0.15190418026369354,0.08849800455381665,0.9720831068994369,0.2966961570464991,0.006,0.15007842049350623,0.08473998225980899,0.9441177308074721,0.3046562949120072,0.5302905557266268,0.02791689310056311,capacity_suppression
0.09,0.02,0.005,1.2,0.16,0.35,0.35088832477931253,0.5422402400712212,1.0,0.1322738852081907,1.0,0.3501295305496024,0.5398388346911991,1.0,0.1421112398020749,0.7711201200356106,0.0,intermediate
0.09,0.02,0.005,1.2,0.16,0.55,0.5112608807598698,0.9763105557818663,1.0,0.0,1.0,0.5255990698884567,0.9908537291504635,1.0,0.0,0.9881552778909332,0.0,adaptive_zone
0.09,0.02,0.005,1.2,0.16,0.75,0.5112608807598698,0.9763105557818663,1.0,0.0,1.0,0.5255990698884567,0.9908537291504635,1.0,0.0,0.9881552778909332,0.0,adaptive_zone
0.09,0.02,0.025,0.4,0.04,0.15,0.17284381164150311,0.1299425319129665,0.8097231016144547,0.8387270143062798,0.079,0.15099727299073207,0.0857054262753324,0.623898781461946,0.9137125747404958,0.4698328167637106,0.1902768983855453,homeostatic_trap
0.09,0.02,0.025,0.4,0.04,0.35,0.3606102491603087,0.5736124571479915,0.9949757182223058,0.3732653877194951,1.0,0.35156915287439683,0.5446369683961607,0.9824588595378687,0.42434720029737166,0.7842940876851486,0.005024281777694206,intermediate
0.09,0.02,0.025,0.4,0.04,0.55,0.5112608807598698,0.9763105557818663,1.0,0.0,1.0,0.5255990698884567,0.9908537291504635,1.0,0.0,0.9881552778909332,0.0,adaptive_zone
0.09,0.02,0.025,0.4,0.04,0.75,0.5112608807598698,0.9763105557818663,1.0,0.0,1.0,0.5255990698884567,0.9908537291504635,1.0,0.0,0.9881552778909332,0.0,adaptive_zone
0.09,0.02,0.025,0.4,0.08,0.15,0.16142427517637328,0.1073112772786126,0.7926083688425839,0.8667561497804177,0.039,0.15048321312687601,0.0851642263682873,0.6108072525928906,0.913903357059713,0.44995982306059823,0.2073916311574161,homeostatic_trap
0.09,0.02,0.025,0.4,0.08,0.35,0.3553190877999669,0.5565419632923496,0.9936857667553591,0.38610788186520495,1.0,0.35078058239299764,0.5420077689990356,0.9803765897806374,0.4254645774059147,0.7751138650238544,0.0063142332446408655,intermediate
0.09,0.02,0.025,0.4,0.08,0.55,0.5112608807598698,0.9763105557818663,1.0,0.0,1.0,0.5255990698884567,0.9908537291504635,1.0,0.0,0.9881552778909332,0.0,adaptive_zone
0.09,0.02,0.025,0.4,0.08,0.75,0.5112608807598698,0.9763105557818663,1.0,0.0,1.0,0.5255990698884567,0.9908537291504635,1.0,0.0,0.9881552778909332,0.0,adaptive_zone
0.09,0.02,0.025,0.4,0.16,0.15,0.15571244290742936,0.09601898268585939,0.7836751499762136,0.8807589314623087,0.019,0.15023779179019447,0.08490681024664234,0.6044803916552942,0.9139528185022696,0.4398470663310365,0.21632485002378643,homeostatic_trap
0.09,0.02,0.025,0.4,0.16,0.35,0.35266284501688766,0.547970029148106,0.9930536533389261,0.39253545879872576,1.0,0.35038927602729125,0.5407039643734789,0.9794301153030215,0.42599291853766774,0.7705118412435161,0.0069463466610738545,intermediate
0.09,0.02,0.025,0.4,0.16,0.55,0.5112608807598698,0.9763105557818663,1.0,0.0,1.0,0.5255990698884567,0.9908537291504635,1.0,0.0,0.9881552778909332,0.0,adaptive_zone
0.09,0.02,0.025,0.4,0.16,0.75,0.5112608807598698,0.9763105557818663,1.0,0.0,1.0,0.5255990698884567,0.9908537291504635,1.0,0.0,0.9881552778909332,0.0,adaptive_zone
0.09,0.02,0.025,0.8,0.04,0.15,0.16142427517637328,0.1073112772786126,0.9305934941822877,0.43337807489020885,0.039,0.15048321312687601,0.0851642263682873,0.8582722951159623,0.4569516785298565,0.5189523857304501,0.06940650581771235,capacity_suppression
0.09,0.02,0.025,0.8,0.04,0.35,0.3553190877999669,0.5565419632923496,1.0,0.19305394093260247,1.0,0.35078058239299764,0.5420077689990356,1.0,0.21273228870295735,0.7782709816461748,0.0,intermediate
0.09,0.02,0.025,0.8,0.04,0.55,0.5112608807598698,0.9763105557818663,1.0,0.0,1.0,0.5255990698884567,0.9908537291504635,1.0,0.0,0.9881552778909332,0.0,adaptive_zone
0.09,0.02,0.025,0.8,0.04,0.75,0.5112608807598698,0.9763105557818663,1.0,0.0,1.0,0.5255990698884567,0.9908537291504635,1.0,0.0,0.9881552778909332,0.0,adaptive_zone
0.09,0.02,0.025,0.8,0.08,0.15,0.15571244290742936,0.09601898268585939,0.9260664069406447,0.44037946573115433,0.019,0.15023779179019447,0.08490681024664234,0.8542500374445289,0.4569764092511348,0.511042694813252,0.07393359305935532,capacity_suppression
0.09,0.02,0.025,0.8,0.08,0.35,0.35266284501688766,0.547970029148106,1.0,0.19626772939936288,1.0,0.35038927602729125,0.5407039643734789,1.0,0.21299645926883387,0.773985014574053,0.0,intermediate
0.09,0.02,0.025,0.8,0.08,0.55,0.5112608807598698,0.9763105557818663,1.0,0.0,1.0,0.5255990698884567,0.9908537291504635,1.0,0.0,0.9881552778909332,0.0,adaptive_zone
0.09,0.02,0.025,0.8,0.08,0.75,0.5112608807598698,0.9763105557818663,1.0,0.0,1.0,0.5255990698884567,0.9908537291504635,1.0,0.0,0.9881552778909332,0.0,adaptive_zone
0.09,0.02,0.025,0.8,0.16,0.15,0.15285626218471596,0.09037807551702569,0.9237433377996666,0.44387828008348623,0.01,0.15011794662427752,0.08478133335149939,0.8522627394177262,0.4569830780946688,0.5070607066583461,0.07625666220033345,capacity_suppression
0.09,0.02,0.025,0.8,0.16,0.35,0.35133222382206614,0.5436744341976644,1.0,0.19787503849711113,1.0,0.35019438178402407,0.5400548091479578,1.0,0.2131247104451385,0.7718372170988321,0.0,intermediate
0.09,0.02,0.025,0.8,0.16,0.55,0.5112608807598698,0.9763105557818663,1.0,0.0,1.0,0.5255990698884567,0.9908537291504635,1.0,0.0,0.9881552778909332,0.0,adaptive_zone
0.09,0.02,0.025,0.8,0.16,0.75,0.5112608807598698,0.9763105557818663,1.0,0.0,1.0,0.5255990698884567,0.9908537291504635,1.0,0.0,0.9881552778909332,0.0,adaptive_zone
0.09,0.02,0.025,1.2,0.04,0.15,0.15761648296237615,0.09978138874751778,0.9815937626211046,0.2920307972787951,0.026,0.15031874759601854,0.08499165405808869,0.9606256504578033,0.30464656859120576,0.5406875756843113,0.01840623737889535,capacity_suppression
0.09,0.02,0.025,1.2,0.04,0.35,0.3535490116610183,0.5508300133358539,1.0,0.13013087636535015,1.0,0.3505194877106974,0.541137755681222,1.0,0.14193968693230527,0.775415006667927,0.0,intermediate
0.09,0.02,0.025,1.2,0.04,0.55,0.5112608807598698,0.9763105557818663,1.0,0.0,1.0,0.5255990698884567,0.9908537291504635,1.0,0.0,0.9881552778909332,0.0,adaptive_zone
0.09,0.02,0.025,1.2,0.04,0.75,0.5112608807598698,0.9763105557818663,1.0,0.0,1.0,0.5255990698884567,0.9908537291504635,1.0,0.0,0.9881552778909332,0.0,adaptive_zone
0.09,0.02,0.025,1.2,0.08,0.15,0.1538083350118219,0.0922581033055281,0.9803912111243067,0.29514144070271936,0.013,0.1501576836599216,0.08482292130298373,0.9594718988445126,0.3046541862529584,0.5363246572149174,0.019608788875693284,capacity_suppression
0.09,0.02,0.025,1.2,0.08,0.35,0.351775944710427,0.5451071763606504,1.0,0.1315595008860135,1.0,0.3502592898788566,0.5402709892641708,1.0,0.1420548336438504,0.7725535881803252,0.0,intermediate
0.09,0.02,0.025,1.2,0.08,0.55,0.5112608807598698,0.9763105557818663,1.0,0.0,1.0,0.5255990698884567,0.9908537291504635,1.0,0.0,0.9881552778909332,0.0,adaptive_zone
0.09,0.02,0.025,1.2,0.08,0.75,0.5112608807598698,0.9763105557818663,1.0,0.0,1.0,0.5255990698884567,0.9908537291504635,1.0,0.0,0.9881552778909332,0.0,adaptive_zone
0.09,0.02,0.025,1.2,0.16,0.15,0.15190418026369354,0.08849800455381665,0.9797749911154026,0.2966961570464991,0.006,0.15007842049350623,0.08473998225980899,0.9588993107327619,0.3046562949120072,0.5341364978346096,0.02022500888459744,capacity_suppression
0.09,0.02,0.025,1.2,0.16,0.35,0.35088832477931253,0.5422402400712212,1.0,0.1322738852081907,1.0,0.3501295305496024,0.5398388346911991,1.0,0.1421112398020749,0.7711201200356106,0.0,intermediate
0.09,0.02,0.025,1.2,0.16,0.55,0.5112608807598698,0.9763105557818663,1.0,0.0,1.0,0.5255990698884567,0.9908537291504635,1.0,0.0,0.9881552778909332,0.0,adaptive_zone
0.09,0.02,0.025,1.2,0.16,0.75,0.5112608807598698,0.9763105557818663,1.0,0.0,1.0,0.5255990698884567,0.9908537291504635,1.0,0.0,0.9881552778909332,0.0,adaptive_zone
0.09,0.02,0.06,0.4,0.04,0.15,0.17284381164150311,0.1299425319129665,0.8245507770341699,0.8387270143062798,0.079,0.15099727299073207,0.0857054262753324,0.6468851455108979,0.9137125747404958,0.4772466544735682,0.1754492229658301,homeostatic_trap
0.09,0.02,0.06,0.4,0.04,0.35,0.3606102491603087,0.5736124571479915,1.0,0.3732653877194951,1.0,0.35156915287439683,0.5446369683961607,1.0,0.42434720029737166,0.7868062285739957,0.0,intermediate
0.09,0.02,0.06,0.4,0.04,0.55,0.5112608807598698,0.9763105557818663,1.0,0.0,1.0,0.5255990698884567,0.9908537291504635,1.0,0.0,0.9881552778909332,0.0,adaptive_zone
0.09,0.02,0.06,0.4,0.04,0.75,0.5112608807598698,0.9763105557818663,1.0,0.0,1.0,0.5255990698884567,0.9908537291504635,1.0,0.0,0.9881552778909332,0.0,adaptive_zone
0.09,0.02,0.06,0.4,0.08,0.15,0.16142427517637328,0.1073112772786126,0.8058445729738795,0.8667561497804177,0.039,0.15048321312687601,0.0851642263682873,0.6323780933447501,0.913903357059713,0.456577925126246,0.19415542702612054,homeostatic_trap
0.09,0.02,0.06,0.4,0.08,0.35,0.3553190877999669,0.5565419632923496,1.0,0.38610788186520495,1.0,0.35078058239299764,0.5420077689990356,1.0,0.4254645774059147,0.7782709816461748,0.0,intermediate
0.09,0.02,0.06,0.4,0.08,0.55,0.5112608807598698,0.9763105557818663,1.0,0.0,1.0,0.5255990698884567,0.9908537291504635,1.0,0.0,0.9881552778909332,0.0,adaptive_zone
0.09,0.02,0.06,0.4,0.08,0.75,0.5112608807598698,0.9763105557818663,1.0,0.0,1.0,0.5255990698884567,0.9908537291504635,1.0,0.0,0.9881552778909332,0.0,adaptive_zone
0.09,0.02,0.06,0.4,0.16,0.15,0.15571244290742936,0.09601898268585939,0.7960806472168285,0.8807589314623087,0.019,0.15023779179019447,0.08490681024664234,0.6254007557104353,0.9139528185022696,0.44604981495134394,0.20391935278317153,homeostatic_trap
0.09,0.02,0.06,0.4,0.16,0.35,0.35266284501688766,0.547970029148106,1.0,0.39253545879872576,1.0,0.35038927602729125,0.5407039643734789,1.0,0.42599291853766774,0.773985014574053,0.0,intermediate
0.09,0.02,0.06,0.4,0.16,0.55,0.5112608807598698,0.9763105557818663,1.0,0.0,1.0,0.5255990698884567,0.9908537291504635,1.0,0.0,0.9881552778909332,0.0,adaptive_zone
0.09,0.02,0.06,0.4,0.16,0.75,0.5112608807598698,0.9763105557818663,1.0,0.0,1.0,0.5255990698884567,0.9908537291504635,1.0,0.0,0.9881552778909332,0.0,adaptive_zone
0.09,0.02,0.06,0.8,0.04,0.15,0.16142427517637328,0.1073112772786126,0.9436573491177949,0.43337807489020885,0.039,0.15048321312687601,0.0851642263682873,0.8828002469875259,0.4569516785298565,0.5254843131982038,0.056342650882205136,capacity_suppression
0.09,0.02,0.06,0.8,0.04,0.35,0.3553190877999669,0.5565419632923496,1.0,0.19305394093260247,1.0,0.35078058239299764,0.5420077689990356,1.0,0.21273228870295735,0.7782709816461748,0.0,intermediate
0.09,0.02,0.06,0.8,0.04,0.55,0.5112608807598698,0.9763105557818663,1.0,0.0,1.0,0.5255990698884567,0.9908537291504635,1.0,0.0,0.9881552778909332,0.0,adaptive_zone
0.09,0.02,0.06,0.8,0.04,0.75,0.5112608807598698,0.9763105557818663,1.0,0.0,1.0,0.5255990698884567,0.9908537291504635,1.0,0.0,0.9881552778909332,0.0,adaptive_zone
0.09,0.02,0.06,0.8,0.08,0.15,0.15571244290742936,0.09601898268585939,0.9391213440570253,0.44037946573115433,0.019,0.15023779179019447,0.08490681024664234,0.8786879864541798,0.4569764092511348,0.5175701633714423,0.0608786559429747,capacity_suppression
0.09,0.02,0.06,0.8,0.08,0.35,0.35266284501688766,0.547970029148106,1.0,0.19626772939936288,1.0,0.35038927602729125,0.5407039643734789,1.0,0.21299645926883387,0.773985014574053,0.0,intermediate
0.09,0.02,0.06,0.8,0.08,0.55,0.5112608807598698,0.9763105557818663,1.0,0.0,1.0,0.5255990698884567,0.9908537291504635,1.0,0.0,0.9881552778909332,0.0,adaptive_zone
0.09,0.02,0.06,0.8,0.08,0.75,0.5112608807598698,0.9763105557818663,1.0,0.0,1.0,0.5255990698884567,0.9908537291504635,1.0,0.0,0.9881552778909332,0.0,adaptive_zone
0.09,0.02,0.06,0.8,0.16,0.15,0.15285626218471596,0.09037807551702569,0.9367870258834468,0.44387828008348623,0.01,0.15011794662427752,0.08478133335149939,0.8766606993438788,0.4569830780946688,0.5135825507002362,0.06321297411655324,capacity_suppression
0.09,0.02,0.06,0.8,0.16,0.35,0.35133222382206614,0.5436744341976644,1.0,0.19787503849711113,1.0,0.35019438178402407,0.5400548091479578,1.0,0.2131247104451385,0.7718372170988321,0.0,intermediate
0.09,0.02,0.06,0.8,0.16,0.55,0.5112608807598698,0.9763105557818663,1.0,0.0,1.0,0.5255990698884567,0.9908537291504635,1.0,0.0,0.9881552778909332,0.0,adaptive_zone
0.09,0.02,0.06,0.8,0.16,0.75,0.5112608807598698,0.9763105557818663,1.0,0.0,1.0,0.5255990698884567,0.9908537291504635,1.0,0.0,0.9881552778909332,0.0,adaptive_zone
0.09,0.02,0.06,1.2,0.04,0.15,0.15761648296237615,0.09978138874751778,0.9938983262201657,0.2920307972787951,0.026,0.15031874759601854,0.08499165405808869,0.9854965406882041,0.30464656859120576,0.5468398574838418,0.006101673779834282,capacity_suppression
0.09,0.02,0.06,1.2,0.04,0.35,0.3535490116610183,0.5508300133358539,1.0,0.13013087636535015,1.0,0.3505194877106974,0.541137755681222,1.0,0.14193968693230527,0.775415006667927,0.0,intermediate
0.09,0.02,0.06,1.2,0.04,0.55,0.5112608807598698,0.9763105557818663,1.0,0.0,1.0,0.5255990698884567,0.9908537291504635,1.0,0.0,0.9881552778909332,0.0,adaptive_zone
0.09,0.02,0.06,1.2,0.04,0.75,0.5112608807598698,0.9763105557818663,1.0,0.0,1.0,0.5255990698884567,0.9908537291504635,1.0,0.0,0.9881552778909332,0.0,adaptive_zone
0.09,0.02,0.06,1.2,0.08,0.15,0.1538083350118219,0.0922581033055281,0.9933363500489584,0.29514144070271936,0.013,0.1501576836599216,0.08482292130298373,0.9848965716161422,0.3046541862529584,0.5427972266772433,0.006663649951041628,capacity_suppression
0.09,0.02,0.06,1.2,0.08,0.35,0.351775944710427,0.5451071763606504,1.0,0.1315595008860135,1.0,0.3502592898788566,0.5402709892641708,1.0,0.1420548336438504,0.7725535881803252,0.0,intermediate
0.09,0.02,0.06,1.2,0.08,0.55,0.5112608807598698,0.9763105557818663,1.0,0.0,1.0,0.5255990698884567,0.9908537291504635,1.0,0.0,0.9881552778909332,0.0,adaptive_zone
0.09,0.02,0.06,1.2,0.08,0.75,0.5112608807598698,0.9763105557818663,1.0,0.0,1.0,0.5255990698884567,0.9908537291504635,1.0,0.0,0.9881552778909332,0.0,adaptive_zone
0.09,0.02,0.06,1.2,0.16,0.15,0.15190418026369354,0.08849800455381665,0.9930476906825196,0.2966961570464991,0.006,0.15007842049350623,0.08473998225980899,0.9846010641148246,0.3046562949120072,0.5407728476181681,0.006952309317480365,capacity_suppression
0.09,0.02,0.06,1.2,0.16,0.35,0.35088832477931253,0.5422402400712212,1.0,0.1322738852081907,1.0,0.3501295305496024,0.5398388346911991,1.0,0.1421112398020749,0.7711201200356106,0.0,intermediate
0.09,0.02,0.06,1.2,0.16,0.55,0.5112608807598698,0.9763105557818663,1.0,0.0,1.0,0.5255990698884567,0.9908537291504635,1.0,0.0,0.9881552778909332,0.0,adaptive_zone
0.09,0.02,0.06,1.2,0.16,0.75,0.5112608807598698,0.9763105557818663,1.0,0.0,1.0,0.5255990698884567,0.9908537291504635,1.0,0.0,0.9881552778909332,0.0,adaptive_zone
0.09,0.05,0.005,0.4,0.04,0.15,0.17284381164150311,0.1299425319129665,0.9088120324572101,0.8387270143062798,0.079,0.15099727299073207,0.0857054262753324,0.8101137906808471,0.9137125747404958,0.5193772821850883,0.0911879675427899,capacity_suppression
0.09,0.05,0.005,0.4,0.04,0.35,0.3606102491603087,0.5736124571479915,1.0,0.3732653877194951,1.0,0.35156915287439683,0.5446369683961607,1.0,0.42434720029737166,0.7868062285739957,0.0,intermediate
0.09,0.05,0.005,0.4,0.04,0.55,0.5112608807598698,0.9763105557818663,1.0,0.0,1.0,0.5255990698884567,0.9908537291504635,1.0,0.0,0.9881552778909332,0.0,adaptive_zone
0.09,0.05,0.005,0.4,0.04,0.75,0.5112608807598698,0.9763105557818663,1.0,0.0,1.0,0.5255990698884567,0.9908537291504635,1.0,0.0,0.9881552778909332,0.0,adaptive_zone
0.09,0.05,0.005,0.4,0.08,0.15,0.16142427517637328,0.1073112772786126,0.897106676061631,0.8667561497804177,0.039,0.15048321312687601,0.0851642263682873,0.8008476314244689,0.913903357059713,0.5022089766701218,0.10289332393836903,capacity_suppression
0.09,0.05,0.005,0.4,0.08,0.35,0.3553190877999669,0.5565419632923496,1.0,0.38610788186520495,1.0,0.35078058239299764,0.5420077689990356,1.0,0.4254645774059147,0.7782709816461748,0.0,intermediate
0.09,0.05,0.005,0.4,0.08,0.55,0.5112608807598698,0.9763105557818663,1.0,0.0,1.0,0.5255990698884567,0.9908537291504635,1.0,0.0,0.9881552778909332,0.0,adaptive_zone
0.09,0.05,0.005,0.4,0.08,0.75,0.5112608807598698,0.9763105557818663,1.0,0.0,1.0,0.5255990698884567,0.9908537291504635,1.0,0.0,0.9881552778909332,0.0,adaptive_zone
0.09,0.05,0.005,0.4,0.16,0.15,0.15571244290742936,0.09601898268585939,0.8909715194777277,0.8807589314623087,0.019,0.15023779179019447,0.08490681024664234,0.7964247657067743,0.9139528185022696,0.49349525108179354,0.10902848052227232,capacity_suppression
0.09,0.05,0.005,0.4,0.16,0.35,0.35266284501688766,0.547970029148106,1.0,0.39253545879872576,1.0,0.35038927602729125,0.5407039643734789,1.0,0.42599291853766774,0.773985014574053,0.0,intermediate
0.09,0.05,0.005,0.4,0.16,0.55,0.5112608807598698,0.9763105557818663,1.0,0.0,1.0,0.5255990698884567,0.9908537291504635,1.0,0.0,0.9881552778909332,0.0,adaptive_zone
0.09,0.05,0.005,0.4,0.16,0.75,0.5112608807598698,0.9763105557818663,1.0,0.0,1.0,0.5255990698884567,0.9908537291504635,1.0,0.0,0.9881552778909332,0.0,adaptive_zone
0.09,0.05,0.005,0.8,0.04,0.15,0.16142427517637328,0.1073112772786126,1.0,0.43337807489020885,0.039,0.15048321312687601,0.0851642263682873,1.0,0.4569516785298565,0.5536556386393063,0.0,capacity_suppression
0.09,0.05,0.005,0.8,0.04,0.35,0.3553190877999669,0.5565419632923496,1.0,0.19305394093260247,1.0,0.35078058239299764,0.5420077689990356,1.0,0.21273228870295735,0.7782709816461748,0.0,intermediate
0.09,0.05,0.005,0.8,0.04,0.55,0.5112608807598698,0.9763105557818663,1.0,0.0,1.0,0.5255990698884567,0.9908537291504635,1.0,0.0,0.9881552778909332,0.0,adaptive_zone
0.09,0.05,0.005,0.8,0.04,0.75,0.5112608807598698,0.9763105557818663,1.0,0.0,1.0,0.5255990698884567,0.9908537291504635,1.0,0.0,0.9881552778909332,0.0,adaptive_zone
0.09,0.05,0.005,0.8,0.08,0.15,0.15571244290742936,0.09601898268585939,1.0,0.44037946573115433,0.019,0.15023779179019447,0.08490681024664234,1.0,0.4569764092511348,0.5480094913429296,0.0,capacity_suppression
0.09,0.05,0.005,0.8,0.08,0.35,0.35266284501688766,0.547970029148106,1.0,0.19626772939936288,1.0,0.35038927602729125,0.5407039643734789,1.0,0.21299645926883387,0.773985014574053,0.0,intermediate
0.09,0.05,0.005,0.8,0.08,0.55,0.5112608807598698,0.9763105557818663,1.0,0.0,1.0,0.5255990698884567,0.9908537291504635,1.0,0.0,0.9881552778909332,0.0,adaptive_zone
0.09,0.05,0.005,0.8,0.08,0.75,0.5112608807598698,0.9763105557818663,1.0,0.0,1.0,0.5255990698884567,0.9908537291504635,1.0,0.0,0.9881552778909332,0.0,adaptive_zone
0.09,0.05,0.005,0.8,0.16,0.15,0.15285626218471596,0.09037807551702569,1.0,0.44387828008348623,0.01,0.15011794662427752,0.08478133335149939,1.0,0.4569830780946688,0.5451890377585128,0.0,capacity_suppression
0.09,0.05,0.005,0.8,0.16,0.35,0.35133222382206614,0.5436744341976644,1.0,0.19787503849711113,1.0,0.35019438178402407,0.5400548091479578,1.0,0.2131247104451385,0.7718372170988321,0.0,intermediate
0.09,0.05,0.005,0.8,0.16,0.55,0.5112608807598698,0.9763105557818663,1.0,0.0,1.0,0.5255990698884567,0.9908537291504635,1.0,0.0,0.9881552778909332,0.0,adaptive_zone
0.09,0.05,0.005,0.8,0.16,0.75,0.5112608807598698,0.9763105557818663,1.0,0.0,1.0,0.5255990698884567,0.9908537291504635,1.0,0.0,0.9881552778909332,0.0,adaptive_zone
0.09,0.05,0.005,1.2,0.04,0.15,0.15761648296237615,0.09978138874751778,1.0,0.2920307972787951,0.026,0.15031874759601854,0.08499165405808869,1.0,0.30464656859120576,0.5498906943737589,0.0,capacity_suppression
0.09,0.05,0.005,1.2,0.04,0.35,0.3535490116610183,0.5508300133358539,1.0,0.13013087636535015,1.0,0.3505194877106974,0.541137755681222,1.0,0.14193968693230527,0.775415006667927,0.0,intermediate
0.09,0.05,0.005,1.2,0.04,0.55,0.5112608807598698,0.9763105557818663,1.0,0.0,1.0,0.5255990698884567,0.9908537291504635,1.0,0.0,0.9881552778909332,0.0,adaptive_zone
0.09,0.05,0.005,1.2,0.04,0.75,0.5112608807598698,0.9763105557818663,1.0,0.0,1.0,0.5255990698884567,0.9908537291504635,1.0,0.0,0.9881552778909332,0.0,adaptive_zone
0.09,0.05,0.005,1.2,0.08,0.15,0.1538083350118219,0.0922581033055281,1.0,0.29514144070271936,0.013,0.1501576836599216,0.08482292130298373,1.0,0.3046541862529584,0.546129051652764,0.0,capacity_suppression
0.09,0.05,0.005,1.2,0.08,0.35,0.351775944710427,0.5451071763606504,1.0,0.1315595008860135,1.0,0.3502592898788566,0.5402709892641708,1.0,0.1420548336438504,0.7725535881803252,0.0,intermediate
0.09,0.05,0.005,1.2,0.08,0.55,0.5112608807598698,0.9763105557818663,1.0,0.0,1.0,0.5255990698884567,0.9908537291504635,1.0,0.0,0.9881552778909332,0.0,adaptive_zone
0.09,0.05,0.005,1.2,0.08,0.75,0.5112608807598698,0.9763105557818663,1.0,0.0,1.0,0.5255990698884567,0.9908537291504635,1.0,0.0,0.9881552778909332,0.0,adaptive_zone
0.09,0.05,0.005,1.2,0.16,0.15,0.15190418026369354,0.08849800455381665,1.0,0.2966961570464991,0.006,0.15007842049350623,0.08473998225980899,1.0,0.3046562949120072,0.5442490022769083,0.0,capacity_suppression
0.09,0.05,0.005,1.2,0.16,0.35,0.35088832477931253,0.5422402400712212,1.0,0.1322738852081907,1.0,0.3501295305496024,0.5398388346911991,1.0,0.1421112398020749,0.7711201200356106,0.0,intermediate
0.09,0.05,0.005,1.2,0.16,0.55,0.5112608807598698,0.9763105557818663,1.0,0.0,1.0,0.5255990698884567,0.9908537291504635,1.0,0.0,0.9881552778909332,0.0,adaptive_zone
0.09,0.05,0.005,1.2,0.16,0.75,0.5112608807598698,0.9763105557818663,1.0,0.0,1.0,0.5255990698884567,0.9908537291504635,1.0,0.0,0.9881552778909332,0.0,adaptive_zone
0.09,0.05,0.025,0.4,0.04,0.15,0.17284381164150311,0.1299425319129665,0.9158784662007442,0.8387270143062798,0.079,0.15099727299073207,0.0857054262753324,0.8222549792472481,0.9137125747404958,0.5229104990568554,0.0841215337992558,capacity_suppression
0.09,0.05,0.025,0.4,0.04,0.35,0.3606102491603087,0.5736124571479915,1.0,0.3732653877194951,1.0,0.35156915287439683,0.5446369683961607,1.0,0.42434720029737166,0.7868062285739957,0.0,intermediate
0.09,0.05,0.025,0.4,0.04,0.55,0.5112608807598698,0.9763105557818663,1.0,0.0,1.0,0.5255990698884567,0.9908537291504635,1.0,0.0,0.9881552778909332,0.0,adaptive_zone
0.09,0.05,0.025,0.4,0.04,0.75,0.5112608807598698,0.9763105557818663,1.0,0.0,1.0,0.5255990698884567,0.9908537291504635,1.0,0.0,0.9881552778909332,0.0,adaptive_zone
0.09,0.05,0.025,0.4,0.08,0.15,0.16142427517637328,0.1073112772786126,0.9039613223748147,0.8667561497804177,0.039,0.15048321312687601,0.0851642263682873,0.8126942063611652,0.913903357059713,0.5056362998267137,0.09603867762518525,capacity_suppression
0.09,0.05,0.025,0.4,0.08,0.35,0.3553190877999669,0.5565419632923496,1.0,0.38610788186520495,1.0,0.35078058239299764,0.5420077689990356,1.0,0.4254645774059147,0.7782709816461748,0.0,intermediate
0.09,0.05,0.025,0.4,0.08,0.55,0.5112608807598698,0.9763105557818663,1.0,0.0,1.0,0.5255990698884567,0.9908537291504635,1.0,0.0,0.9881552778909332,0.0,adaptive_zone
0.09,0.05,0.025,0.4,0.08,0.75,0.5112608807598698,0.9763105557818663,1.0,0.0,1.0,0.5255990698884567,0.9908537291504635,1.0,0.0,0.9881552778909332,0.0,adaptive_zone
0.09,0.05,0.025,0.4,0.16,0.15,0.15571244290742936,0.09601898268585939,0.8977058734133079,0.8807589314623087,0.019,0.15023779179019447,0.08490681024664234,0.8081444212350478,0.9139528185022696,0.49686242804958364,0.10229412658669212,capacity_suppression
0.09,0.05,0.025,0.4,0.16,0.35,0.35266284501688766,0.547970029148106,1.0,0.39253545879872576,1.0,0.35038927602729125,0.5407039643734789,1.0,0.42599291853766774,0.773985014574053,0.0,intermediate
0.09,0.05,0.025,0.4,0.16,0.55,0.5112608807598698,0.9763105557818663,1.0,0.0,1.0,0.5255990698884567,0.9908537291504635,1.0,0.0,0.9881552778909332,0.0,adaptive_zone
0.09,0.05,0.025,0.4,0.16,0.75,0.5112608807598698,0.9763105557818663,1.0,0.0,1.0,0.5255990698884567,0.9908537291504635,1.0,0.0,0.9881552778909332,0.0,adaptive_zone
0.09,0.05,0.025,0.8,0.04,0.15,0.16142427517637328,0.1073112772786126,1.0,0.43337807489020885,0.039,0.15048321312687601,0.0851642263682873,1.0,0.4569516785298565,0.5536556386393063,0.0,capacity_suppression
0.09,0.05,0.025,0.8,0.04,0.35,0.3553190877999669,0.5565419632923496,1.0,0.19305394093260247,1.0,0.35078058239299764,0.5420077689990356,1.0,0.21273228870295735,0.7782709816461748,0.0,intermediate
0.09,0.05,0.025,0.8,0.04,0.55,0.5112608807598698,0.9763105557818663,1.0,0.0,1.0,0.5255990698884567,0.9908537291504635,1.0,0.0,0.9881552778909332,0.0,adaptive_zone
0.09,0.05,0.025,0.8,0.04,0.75,0.5112608807598698,0.9763105557818663,1.0,0.0,1.0,0.5255990698884567,0.9908537291504635,1.0,0.0,0.9881552778909332,0.0,adaptive_zone
0.09,0.05,0.025,0.8,0.08,0.15,0.15571244290742936,0.09601898268585939,1.0,0.44037946573115433,0.019,0.15023779179019447,0.08490681024664234,1.0,0.4569764092511348,0.5480094913429296,0.0,capacity_suppression
0.09,0.05,0.025,0.8,0.08,0.35,0.35266284501688766,0.547970029148106,1.0,0.19626772939936288,1.0,0.35038927602729125,0.5407039643734789,1.0,0.21299645926883387,0.773985014574053,0.0,intermediate
0.09,0.05,0.025,0.8,0.08,0.55,0.5112608807598698,0.9763105557818663,1.0,0.0,1.0,0.5255990698884567,0.9908537291504635,1.0,0.0,0.9881552778909332,0.0,adaptive_zone
0.09,0.05,0.025,0.8,0.08,0.75,0.5112608807598698,0.9763105557818663,1.0,0.0,1.0,0.5255990698884567,0.9908537291504635,1.0,0.0,0.9881552778909332,0.0,adaptive_zone
0.09,0.05,0.025,0.8,0.16,0.15,0.15285626218471596,0.09037807551702569,1.0,0.44387828008348623,0.01,0.15011794662427752,0.08478133335149939,1.0,0.4569830780946688,0.5451890377585128,0.0,capacity_suppression
0.09,0.05,0.025,0.8,0.16,0.35,0.35133222382206614,0.5436744341976644,1.0,0.19787503849711113,1.0,0.35019438178402407,0.5400548091479578,1.0,0.2131247104451385,0.7718372170988321,0.0,intermediate
0.09,0.05,0.025,0.8,0.16,0.55,0.5112608807598698,0.9763105557818663,1.0,0.0,1.0,0.5255990698884567,0.9908537291504635,1.0,0.0,0.9881552778909332,0.0,adaptive_zone
0.09,0.05,0.025,0.8,0.16,0.75,0.5112608807598698,0.9763105557818663,1.0,0.0,1.0,0.5255990698884567,0.9908537291504635,1.0,0.0,0.9881552778909332,0.0,adaptive_zone
0.09,0.05,0.025,1.2,0.04,0.15,0.15761648296237615,0.09978138874751778,1.0,0.2920307972787951,0.026,0.15031874759601854,0.08499165405808869,1.0,0.30464656859120576,0.5498906943737589,0.0,capacity_suppression
0.09,0.05,0.025,1.2,0.04,0.35,0.3535490116610183,0.5508300133358539,1.0,0.13013087636535015,1.0,0.3505194877106974,0.541137755681222,1.0,0.14193968693230527,0.775415006667927,0.0,intermediate
0.09,0.05,0.025,1.2,0.04,0.55,0.5112608807598698,0.9763105557818663,1.0,0.0,1.0,0.5255990698884567,0.9908537291504635,1.0,0.0,0.9881552778909332,0.0,adaptive_zone
0.09,0.05,0.025,1.2,0.04,0.75,0.5112608807598698,0.9763105557818663,1.0,0.0,1.0,0.5255990698884567,0.9908537291504635,1.0,0.0,0.9881552778909332,0.0,adaptive_zone
0.09,0.05,0.025,1.2,0.08,0.15,0.1538083350118219,0.0922581033055281,1.0,0.29514144070271936,0.013,0.1501576836599216,0.08482292130298373,1.0,0.3046541862529584,0.546129051652764,0.0,capacity_suppression
0.09,0.05,0.025,1.2,0.08,0.35,0.351775944710427,0.5451071763606504,1.0,0.1315595008860135,1.0,0.3502592898788566,0.5402709892641708,1.0,0.1420548336438504,0.7725535881803252,0.0,intermediate
0.09,0.05,0.025,1.2,0.08,0.55,0.5112608807598698,0.9763105557818663,1.0,0.0,1.0,0.5255990698884567,0.9908537291504635,1.0,0.0,0.9881552778909332,0.0,adaptive_zone
0.09,0.05,0.025,1.2,0.08,0.75,0.5112608807598698,0.9763105557818663,1.0,0.0,1.0,0.5255990698884567,0.9908537291504635,1.0,0.0,0.9881552778909332,0.0,adaptive_zone
0.09,0.05,0.025,1.2,0.16,0.15,0.15190418026369354,0.08849800455381665,1.0,0.2966961570464991,0.006,0.15007842049350623,0.08473998225980899,1.0,0.3046562949120072,0.5442490022769083,0.0,capacity_suppression
0.09,0.05,0.025,1.2,0.16,0.35,0.35088832477931253,0.5422402400712212,1.0,0.1322738852081907,1.0,0.3501295305496024,0.5398388346911991,1.0,0.1421112398020749,0.7711201200356106,0.0,intermediate
0.09,0.05,0.025,1.2,0.16,0.55,0.5112608807598698,0.9763105557818663,1.0,0.0,1.0,0.5255990698884567,0.9908537291504635,1.0,0.0,0.9881552778909332,0.0,adaptive_zone
0.09,0.05,0.025,1.2,0.16,0.75,0.5112608807598698,0.9763105557818663,1.0,0.0,1.0,0.5255990698884567,0.9908537291504635,1.0,0.0,0.9881552778909332,0.0,adaptive_zone
0.09,0.05,0.06,0.4,0.04,0.15,0.17284381164150311,0.1299425319129665,0.9273882762588108,0.8387270143062798,0.079,0.15099727299073207,0.0857054262753324,0.8428752795592667,0.9137125747404958,0.5286654040858887,0.07261172374118918,capacity_suppression
0.09,0.05,0.06,0.4,0.04,0.35,0.3606102491603087,0.5736124571479915,1.0,0.3732653877194951,1.0,0.35156915287439683,0.5446369683961607,1.0,0.42434720029737166,0.7868062285739957,0.0,intermediate
0.09,0.05,0.06,0.4,0.04,0.55,0.5112608807598698,0.9763105557818663,1.0,0.0,1.0,0.5255990698884567,0.9908537291504635,1.0,0.0,0.9881552778909332,0.0,adaptive_zone
0.09,0.05,0.06,0.4,0.04,0.75,0.5112608807598698,0.9763105557818663,1.0,0.0,1.0,0.5255990698884567,0.9908537291504635,1.0,0.0,0.9881552778909332,0.0,adaptive_zone
0.09,0.05,0.06,0.4,0.08,0.15,0.16142427517637328,0.1073112772786126,0.915514930899094,0.8667561497804177,0.039,0.15048321312687601,0.0851642263682873,0.8331214934859191,0.913903357059713,0.5114131040888533,0.08448506910090603,capacity_suppression
0.09,0.05,0.06,0.4,0.08,0.35,0.3553190877999669,0.5565419632923496,1.0,0.38610788186520495,1.0,0.35078058239299764,0.5420077689990356,1.0,0.4254645774059147,0.7782709816461748,0.0,intermediate
0.09,0.05,0.06,0.4,0.08,0.55,0.5112608807598698,0.9763105557818663,1.0,0.0,1.0,0.5255990698884567,0.9908537291504635,1.0,0.0,0.9881552778909332,0.0,adaptive_zone
0.09,0.05,0.06,0.4,0.08,0.75,0.5112608807598698,0.9763105557818663,1.0,0.0,1.0,0.5255990698884567,0.9908537291504635,1.0,0.0,0.9881552778909332,0.0,adaptive_zone
0.09,0.05,0.06,0.4,0.16,0.15,0.15571244290742936,0.09601898268585939,0.909261299201934,0.8807589314623087,0.019,0.15023779179019447,0.08490681024664234,0.828500382713021,0.9139528185022696,0.5026401409438966,0.09073870079806601,capacity_suppression
0.09,0.05,0.06,0.4,0.16,0.35,0.35266284501688766,0.547970029148106,1.0,0.39253545879872576,1.0,0.35038927602729125,0.5407039643734789,1.0,0.42599291853766774,0.773985014574053,0.0,intermediate
0.09,0.05,0.06,0.4,0.16,0.55,0.5112608807598698,0.9763105557818663,1.0,0.0,1.0,0.5255990698884567,0.9908537291504635,1.0,0.0,0.9881552778909332,0.0,adaptive_zone
0.09,0.05,0.06,0.4,0.16,0.75,0.5112608807598698,0.9763105557818663,1.0,0.0,1.0,0.5255990698884567,0.9908537291504635,1.0,0.0,0.9881552778909332,0.0,adaptive_zone
0.09,0.05,0.06,0.8,0.04,0.15,0.16142427517637328,0.1073112772786126,1.0,0.43337807489020885,0.039,0.15048321312687601,0.0851642263682873,1.0,0.4569516785298565,0.5536556386393063,0.0,capacity_suppression
0.09,0.05,0.06,0.8,0.04,0.35,0.3553190877999669,0.5565419632923496,1.0,0.19305394093260247,1.0,0.35078058239299764,0.5420077689990356,1.0,0.21273228870295735,0.7782709816461748,0.0,intermediate
0.09,0.05,0.06,0.8,0.04,0.55,0.5112608807598698,0.9763105557818663,1.0,0.0,1.0,0.5255990698884567,0.9908537291504635,1.0,0.0,0.9881552778909332,0.0,adaptive_zone
0.09,0.05,0.06,0.8,0.04,0.75,0.5112608807598698,0.9763105557818663,1.0,0.0,1.0,0.5255990698884567,0.9908537291504635,1.0,0.0,0.9881552778909332,0.0,adaptive_zone
0.09,0.05,0.06,0.8,0.08,0.15,0.15571244290742936,0.09601898268585939,1.0,0.44037946573115433,0.019,0.15023779179019447,0.08490681024664234,1.0,0.4569764092511348,0.5480094913429296,0.0,capacity_suppression
0.09,0.05,0.06,0.8,0.08,0.35,0.35266284501688766,0.547970029148106,1.0,0.19626772939936288,1.0,0.35038927602729125,0.5407039643734789,1.0,0.21299645926883387,0.773985014574053,0.0,intermediate
0.09,0.05,0.06,0.8,0.08,0.55,0.5112608807598698,0.9763105557818663,1.0,0.0,1.0,0.5255990698884567,0.9908537291504635,1.0,0.0,0.9881552778909332,0.0,adaptive_zone
0.09,0.05,0.06,0.8,0.08,0.75,0.5112608807598698,0.9763105557818663,1.0,0.0,1.0,0.5255990698884567,0.9908537291504635,1.0,0.0,0.9881552778909332,0.0,adaptive_zone
0.09,0.05,0.06,0.8,0.16,0.15,0.15285626218471596,0.09037807551702569,1.0,0.44387828008348623,0.01,0.15011794662427752,0.08478133335149939,1.0,0.4569830780946688,0.5451890377585128,0.0,capacity_suppression
0.09,0.05,0.06,0.8,0.16,0.35,0.35133222382206614,0.5436744341976644,1.0,0.19787503849711113,1.0,0.35019438178402407,0.5400548091479578,1.0,0.2131247104451385,0.7718372170988321,0.0,intermediate
0.09,0.05,0.06,0.8,0.16,0.55,0.5112608807598698,0.9763105557818663,1.0,0.0,1.0,0.5255990698884567,0.9908537291504635,1.0,0.0,0.9881552778909332,0.0,adaptive_zone
0.09,0.05,0.06,0.8,0.16,0.75,0.5112608807598698,0.9763105557818663,1.0,0.0,1.0,0.5255990698884567,0.9908537291504635,1.0,0.0,0.9881552778909332,0.0,adaptive_zone
0.09,0.05,0.06,1.2,0.04,0.15,0.15761648296237615,0.09978138874751778,1.0,0.2920307972787951,0.026,0.15031874759601854,0.08499165405808869,1.0,0.30464656859120576,0.5498906943737589,0.0,capacity_suppression
0.09,0.05,0.06,1.2,0.04,0.35,0.3535490116610183,0.5508300133358539,1.0,0.13013087636535015,1.0,0.3505194877106974,0.541137755681222,1.0,0.14193968693230527,0.775415006667927,0.0,intermediate
0.09,0.05,0.06,1.2,0.04,0.55,0.5112608807598698,0.9763105557818663,1.0,0.0,1.0,0.5255990698884567,0.9908537291504635,1.0,0.0,0.9881552778909332,0.0,adaptive_zone
0.09,0.05,0.06,1.2,0.04,0.75,0.5112608807598698,0.9763105557818663,1.0,0.0,1.0,0.5255990698884567,0.9908537291504635,1.0,0.0,0.9881552778909332,0.0,adaptive_zone
0.09,0.05,0.06,1.2,0.08,0.15,0.1538083350118219,0.0922581033055281,1.0,0.29514144070271936,0.013,0.1501576836599216,0.08482292130298373,1.0,0.3046541862529584,0.546129051652764,0.0,capacity_suppression
0.09,0.05,0.06,1.2,0.08,0.35,0.351775944710427,0.5451071763606504,1.0,0.1315595008860135,1.0,0.3502592898788566,0.5402709892641708,1.0,0.1420548336438504,0.7725535881803252,0.0,intermediate
0.09,0.05,0.06,1.2,0.08,0.55,0.5112608807598698,0.9763105557818663,1.0,0.0,1.0,0.5255990698884567,0.9908537291504635,1.0,0.0,0.9881552778909332,0.0,adaptive_zone
0.09,0.05,0.06,1.2,0.08,0.75,0.5112608807598698,0.9763105557818663,1.0,0.0,1.0,0.5255990698884567,0.9908537291504635,1.0,0.0,0.9881552778909332,0.0,adaptive_zone
0.09,0.05,0.06,1.2,0.16,0.15,0.15190418026369354,0.08849800455381665,1.0,0.2966961570464991,0.006,0.15007842049350623,0.08473998225980899,1.0,0.3046562949120072,0.5442490022769083,0.0,capacity_suppression
0.09,0.05,0.06,1.2,0.16,0.35,0.35088832477931253,0.5422402400712212,1.0,0.1322738852081907,1.0,0.3501295305496024,0.5398388346911991,1.0,0.1421112398020749,0.7711201200356106,0.0,intermediate
0.09,0.05,0.06,1.2,0.16,0.55,0.5112608807598698,0.9763105557818663,1.0,0.0,1.0,0.5255990698884567,0.9908537291504635,1.0,0.0,0.9881552778909332,0.0,adaptive_zone
0.09,0.05,0.06,1.2,0.16,0.75,0.5112608807598698,0.9763105557818663,1.0,0.0,1.0,0.5255990698884567,0.9908537291504635,1.0,0.0,0.9881552778909332,0.0,adaptive_zone
0.15,0.005,0.005,0.4,0.04,0.15,0.17284381164150311,0.1299425319129665,0.6148092416194999,0.8387270143062798,0.079,0.15099727299073207,0.0857054262753324,0.31438804041059587,0.9137125747404958,0.37237588676623323,0.3851907583805001,homeostatic_trap
0.15,0.005,0.005,0.4,0.04,0.35,0.3606102491603087,0.5736124571479915,0.8159000954018513,0.3732653877194951,1.0,0.35156915287439683,0.5446369683961607,0.6296252431463277,0.42434720029737166,0.6947562762749213,0.18409990459814873,agency_compression
0.15,0.005,0.005,0.4,0.04,0.55,0.5112608807598698,0.9763105557818663,1.0,0.0,1.0,0.5255990698884567,0.9908537291504635,1.0,0.0,0.9881552778909332,0.0,adaptive_zone
0.15,0.005,0.005,0.4,0.04,0.75,0.5112608807598698,0.9763105557818663,1.0,0.0,1.0,0.5255990698884567,0.9908537291504635,1.0,0.0,0.9881552778909332,0.0,adaptive_zone
0.15,0.005,0.005,0.4,0.08,0.15,0.16142427517637328,0.1073112772786126,0.5934581952741375,0.8667561497804177,0.039,0.15048321312687601,0.0851642263682873,0.3022916727973088,0.913903357059713,0.350384736276375,0.40654180472586254,homeostatic_trap
0.15,0.005,0.005,0.4,0.08,0.35,0.3553190877999669,0.5565419632923496,0.8028269019667075,0.38610788186520495,1.0,0.35078058239299764,0.5420077689990356,0.61823582656665,0.4254645774059147,0.6796844326295286,0.19717309803329253,agency_compression
0.15,0.005,0.005,0.4,0.08,0.55,0.5112608807598698,0.9763105557818663,1.0,0.0,1.0,0.5255990698884567,0.9908537291504635,1.0,0.0,0.9881552778909332,0.0,adaptive_zone
0.15,0.005,0.005,0.4,0.08,0.75,0.5112608807598698,0.9763105557818663,1.0,0.0,1.0,0.5255990698884567,0.9908537291504635,1.0,0.0,0.9881552778909332,0.0,adaptive_zone
0.15,0.005,0.005,0.4,0.16,0.15,0.15571244290742936,0.09601898268585939,0.5822397776691054,0.8807589314623087,0.019,0.15023779179019447,0.08490681024664234,0.296460813703596,0.9139528185022696,0.3391293801774824,0.4177602223308946,homeostatic_trap
0.15,0.005,0.005,0.4,0.16,0.35,0.35266284501688766,0.547970029148106,0.7959686072980761,0.39253545879872576,1.0,0.35038927602729125,0.5407039643734789,0.6126399805276975,0.42599291853766774,0.671969318223091,0.20403139270192394,agency_compression
0.15,0.005,0.005,0.4,0.16,0.55,0.5112608807598698,0.9763105557818663,1.0,0.0,1.0,0.5255990698884567,0.9908537291504635,1.0,0.0,0.9881552778909332,0.0,adaptive_zone
0.15,0.005,0.005,0.4,0.16,0.75,0.5112608807598698,0.9763105557818663,1.0,0.0,1.0,0.5255990698884567,0.9908537291504635,1.0,0.0,0.9881552778909332,0.0,adaptive_zone
0.15,0.005,0.005,0.8,0.04,0.15,0.16142427517637328,0.1073112772786126,0.7672555035800671,0.43337807489020885,0.039,0.15048321312687601,0.0851642263682873,0.5618188300521527,0.4569516785298565,0.43728339042933984,0.2327444964199329,homeostatic_trap
0.15,0.005,0.005,0.8,0.04,0.35,0.3553190877999669,0.5565419632923496,0.909779120010818,0.19305394093260247,1.0,0.35078058239299764,0.5420077689990356,0.815110788344034,0.21273228870295735,0.7331605416515838,0.09022087998918205,intermediate
0.15,0.005,0.005,0.8,0.04,0.55,0.5112608807598698,0.9763105557818663,1.0,0.0,1.0,0.5255990698884567,0.9908537291504635,1.0,0.0,0.9881552778909332,0.0,adaptive_zone
0.15,0.005,0.005,0.8,0.04,0.75,0.5112608807598698,0.9763105557818663,1.0,0.0,1.0,0.5255990698884567,0.9908537291504635,1.0,0.0,0.9881552778909332,0.0,adaptive_zone
0.15,0.005,0.005,0.8,0.08,0.15,0.15571244290742936,0.09601898268585939,0.7596765198545821,0.44037946573115433,0.019,0.15023779179019447,0.08490681024664234,0.5561027875021706,0.4569764092511348,0.42784775127022073,0.24032348014541793,homeostatic_trap
0.15,0.005,0.005,0.8,0.08,0.35,0.35266284501688766,0.547970029148106,0.9058674370967843,0.19626772939936288,1.0,0.35038927602729125,0.5407039643734789,0.8113711776667638,0.21299645926883387,0.7269187331224451,0.0941325629032157,intermediate
0.15,0.005,0.005,0.8,0.08,0.55,0.5112608807598698,0.9763105557818663,1.0,0.0,1.0,0.5255990698884567,0.9908537291504635,1.0,0.0,0.9881552778909332,0.0,adaptive_zone
0.15,0.005,0.005,0.8,0.08,0.75,0.5112608807598698,0.9763105557818663,1.0,0.0,1.0,0.5255990698884567,0.9908537291504635,1.0,0.0,0.9881552778909332,0.0,adaptive_zone
0.15,0.005,0.005,0.8,0.16,0.15,0.15285626218471596,0.09037807551702569,0.7557999542040392,0.44387828008348623,0.01,0.15011794662427752,0.08478133335149939,0.5532744111866016,0.4569830780946688,0.42308901486053246,0.24420004579596077,homeostatic_trap
0.15,0.005,0.005,0.8,0.16,0.35,0.35133222382206614,0.5436744341976644,0.9038643375046781,0.19787503849711113,1.0,0.35019438178402407,0.5400548091479578,0.8095114467094551,0.2131247104451385,0.7237693858511712,0.0961356624953219,intermediate
0.15,0.005,0.005,0.8,0.16,0.55,0.5112608807598698,0.9763105557818663,1.0,0.0,1.0,0.5255990698884567,0.9908537291504635,1.0,0.0,0.9881552778909332,0.0,adaptive_zone
0.15,0.005,0.005,0.8,0.16,0.75,0.5112608807598698,0.9763105557818663,1.0,0.0,1.0,0.5255990698884567,0.9908537291504635,1.0,0.0,0.9881552778909332,0.0,adaptive_zone
0.15,0.005,0.005,1.2,0.04,0.15,0.15761648296237615,0.09978138874751778,0.8385896301462088,0.2920307972787951,0.026,0.15031874759601854,0.08499165405808869,0.6892442351075975,0.30464656859120576,0.46918550944686327,0.1614103698537912,capacity_suppression
0.15,0.005,0.005,1.2,0.04,0.35,0.3535490116610183,0.5508300133358539,0.9480809173242857,0.13013087636535015,1.0,0.3505194877106974,0.541137755681222,0.8922752775302952,0.14193968693230527,0.7494554653300698,0.05191908267571432,intermediate
0.15,0.005,0.005,1.2,0.04,0.55,0.5112608807598698,0.9763105557818663,1.0,0.0,1.0,0.5255990698884567,0.9908537291504635,1.0,0.0,0.9881552778909332,0.0,adaptive_zone
0.15,0.005,0.005,1.2,0.04,0.75,0.5112608807598698,0.9763105557818663,1.0,0.0,1.0,0.5255990698884567,0.9908537291504635,1.0,0.0,0.9881552778909332,0.0,adaptive_zone
0.15,0.005,0.005,1.2,0.08,0.15,0.1538083350118219,0.0922581033055281,0.834756359670618,0.29514144070271936,0.013,0.1501576836599216,0.08482292130298373,0.6860592830504918,0.3046541862529584,0.46350723148807305,0.165243640329382,capacity_suppression
0.15,0.005,0.005,1.2,0.08,0.35,0.351775944710427,0.5451071763606504,0.9463043580869804,0.1315595008860135,1.0,0.3502592898788566,0.5402709892641708,0.8905110091801506,0.1420548336438504,0.7457057672238154,0.053695641913019565,intermediate
0.15,0.005,0.005,1.2,0.08,0.55,0.5112608807598698,0.9763105557818663,1.0,0.0,1.0,0.5255990698884567,0.9908537291504635,1.0,0.0,0.9881552778909332,0.0,adaptive_zone
0.15,0.005,0.005,1.2,0.08,0.75,0.5112608807598698,0.9763105557818663,1.0,0.0,1.0,0.5255990698884567,0.9908537291504635,1.0,0.0,0.9881552778909332,0.0,adaptive_zone
0.15,0.005,0.005,1.2,0.16,0.15,0.15190418026369354,0.08849800455381665,0.832811637116456,0.2966961570464991,0.006,0.15007842049350623,0.08473998225980899,0.684475564408637,0.3046562949120072,0.4606548208351363,0.167188362883544,capacity_suppression
0.15,0.005,0.005,1.2,0.16,0.35,0.35088832477931253,0.5422402400712212,0.9454009208062887,0.1322738852081907,1.0,0.3501295305496024,0.5398388346911991,0.8896312583975926,0.1421112398020749,0.743820580438755,0.05459907919371132,intermediate
0.15,0.005,0.005,1.2,0.16,0.55,0.5112608807598698,0.9763105557818663,1.0,0.0,1.0,0.5255990698884567,0.9908537291504635,1.0,0.0,0.9881552778909332,0.0,adaptive_zone
0.15,0.005,0.005,1.2,0.16,0.75,0.5112608807598698,0.9763105557818663,1.0,0.0,1.0,0.5255990698884567,0.9908537291504635,1.0,0.0,0.9881552778909332,0.0,adaptive_zone
0.15,0.005,0.025,0.4,0.04,0.15,0.17284381164150311,0.1299425319129665,0.6246278729441183,0.8387270143062798,0.079,0.15099727299073207,0.0857054262753324,0.3259448888407113,0.9137125747404958,0.37728520242854235,0.37537212705588174,homeostatic_trap
0.15,0.005,0.025,0.4,0.04,0.35,0.3606102491603087,0.5736124571479915,0.862094702018196,0.3732653877194951,1.0,0.35156915287439683,0.5446369683961607,0.7121908940162768,0.42434720029737166,0.7178535795830938,0.13790529798180395,intermediate
0.15,0.005,0.025,0.4,0.04,0.55,0.5112608807598698,0.9763105557818663,1.0,0.0,1.0,0.5255990698884567,0.9908537291504635,1.0,0.0,0.9881552778909332,0.0,adaptive_zone
0.15,0.005,0.025,0.4,0.04,0.75,0.5112608807598698,0.9763105557818663,1.0,0.0,1.0,0.5255990698884567,0.9908537291504635,1.0,0.0,0.9881552778909332,0.0,adaptive_zone
0.15,0.005,0.025,0.4,0.08,0.15,0.16142427517637328,0.1073112772786126,0.6012131563453716,0.8667561497804177,0.039,0.15048321312687601,0.0851642263682873,0.3126474520458785,0.913903357059713,0.3542622168119921,0.39878684365462835,homeostatic_trap
0.15,0.005,0.025,0.4,0.08,0.35,0.3553190877999669,0.5565419632923496,0.8482780747356651,0.38610788186520495,1.0,0.35078058239299764,0.5420077689990356,0.6997951286559029,0.4254645774059147,0.7024100190140073,0.15172192526433492,intermediate
0.15,0.005,0.025,0.4,0.08,0.55,0.5112608807598698,0.9763105557818663,1.0,0.0,1.0,0.5255990698884567,0.9908537291504635,1.0,0.0,0.9881552778909332,0.0,adaptive_zone
0.15,0.005,0.025,0.4,0.08,0.75,0.5112608807598698,0.9763105557818663,1.0,0.0,1.0,0.5255990698884567,0.9908537291504635,1.0,0.0,0.9881552778909332,0.0,adaptive_zone
0.15,0.005,0.025,0.4,0.16,0.15,0.15571244290742936,0.09601898268585939,0.5889710852318276,0.8807589314623087,0.019,0.15023779179019447,0.08490681024664234,0.3062701368377893,0.9139528185022696,0.3424950339588435,0.4110289147681724,homeostatic_trap
0.15,0.005,0.025,0.4,0.16,0.35,0.35266284501688766,0.547970029148106,0.8410294332403809,0.39253545879872576,1.0,0.35038927602729125,0.5407039643734789,0.69374030304454,0.42599291853766774,0.6944997311942435,0.15897056675961907,intermediate
0.15,0.005,0.025,0.4,0.16,0.55,0.5112608807598698,0.9763105557818663,1.0,0.0,1.0,0.5255990698884567,0.9908537291504635,1.0,0.0,0.9881552778909332,0.0,adaptive_zone
0.15,0.005,0.025,0.4,0.16,0.75,0.5112608807598698,0.9763105557818663,1.0,0.0,1.0,0.5255990698884567,0.9908537291504635,1.0,0.0,0.9881552778909332,0.0,adaptive_zone
0.15,0.005,0.025,0.8,0.04,0.15,0.16142427517637328,0.1073112772786126,0.7762867278594191,0.43337807489020885,0.039,0.15048321312687601,0.0851642263682873,0.5757672229290904,0.4569516785298565,0.44179900256901583,0.2237132721405809,homeostatic_trap
0.15,0.005,0.025,0.8,0.04,0.35,0.3553190877999669,0.5565419632923496,0.9575402500549857,0.19305394093260247,1.0,0.35078058239299764,0.5420077689990356,0.907275172454917,0.21273228870295735,0.7570411066736676,0.042459749945014336,intermediate
0.15,0.005,0.025,0.8,0.04,0.55,0.5112608807598698,0.9763105557818663,1.0,0.0,1.0,0.5255990698884567,0.9908537291504635,1.0,0.0,0.9881552778909332,0.0,adaptive_zone
0.15,0.005,0.025,0.8,0.04,0.75,0.5112608807598698,0.9763105557818663,1.0,0.0,1.0,0.5255990698884567,0.9908537291504635,1.0,0.0,0.9881552778909332,0.0,adaptive_zone
0.15,0.005,0.025,0.8,0.08,0.15,0.15571244290742936,0.09601898268585939,0.7676486488770249,0.44037946573115433,0.019,0.15023779179019447,0.08490681024664234,0.5692301332405237,0.4569764092511348,0.43183381578144214,0.2323513511229751,homeostatic_trap
0.15,0.005,0.025,0.8,0.08,0.35,0.35266284501688766,0.547970029148106,0.9542454477902201,0.19626772939936288,1.0,0.35038927602729125,0.5407039643734789,0.9039193471526744,0.21299645926883387,0.7511077384691631,0.045754552209779864,intermediate
0.15,0.005,0.025,0.8,0.08,0.55,0.5112608807598698,0.9763105557818663,1.0,0.0,1.0,0.5255990698884567,0.9908537291504635,1.0,0.0,0.9881552778909332,0.0,adaptive_zone
0.15,0.005,0.025,0.8,0.08,0.75,0.5112608807598698,0.9763105557818663,1.0,0.0,1.0,0.5255990698884567,0.9908537291504635,1.0,0.0,0.9881552778909332,0.0,adaptive_zone
0.15,0.005,0.025,0.8,0.16,0.15,0.15285626218471596,0.09037807551702569,0.763237974945724,0.44387828008348623,0.01,0.15011794662427752,0.08478133335149939,0.5660024946434701,0.4569830780946688,0.42680802523137484,0.23676202505427602,homeostatic_trap
0.15,0.005,0.025,0.8,0.16,0.35,0.35133222382206614,0.5436744341976644,0.9525459978203921,0.19787503849711113,1.0,0.35019438178402407,0.5400548091479578,0.9022531112599514,0.2131247104451385,0.7481102160090283,0.047454002179607935,intermediate
0.15,0.005,0.025,0.8,0.16,0.55,0.5112608807598698,0.9763105557818663,1.0,0.0,1.0,0.5255990698884567,0.9908537291504635,1.0,0.0,0.9881552778909332,0.0,adaptive_zone
0.15,0.005,0.025,0.8,0.16,0.75,0.5112608807598698,0.9763105557818663,1.0,0.0,1.0,0.5255990698884567,0.9908537291504635,1.0,0.0,0.9881552778909332,0.0,adaptive_zone
0.15,0.005,0.025,1.2,0.04,0.15,0.15761648296237615,0.09978138874751778,0.8472437343359338,0.2920307972787951,0.026,0.15031874759601854,0.08499165405808869,0.7039816671350096,0.30464656859120576,0.4735125615417258,0.1527562656640662,capacity_suppression
0.15,0.005,0.025,1.2,0.04,0.35,0.3535490116610183,0.5508300133358539,0.995725690696259,0.13013087636535015,1.0,0.3505194877106974,0.541137755681222,0.9873293234965023,0.14193968693230527,0.7732778520160565,0.004274309303740953,intermediate
0.15,0.005,0.025,1.2,0.04,0.55,0.5112608807598698,0.9763105557818663,1.0,0.0,1.0,0.5255990698884567,0.9908537291504635,1.0,0.0,0.9881552778909332,0.0,adaptive_zone
0.15,0.005,0.025,1.2,0.04,0.75,0.5112608807598698,0.9763105557818663,1.0,0.0,1.0,0.5255990698884567,0.9908537291504635,1.0,0.0,0.9881552778909332,0.0,adaptive_zone
0.15,0.005,0.025,1.2,0.08,0.15,0.1538083350118219,0.0922581033055281,0.8427761911435924,0.29514144070271936,0.013,0.1501576836599216,0.08482292130298373,0.7002526668463916,0.3046541862529584,0.4675171472245602,0.15722380885640763,capacity_suppression
0.15,0.005,0.025,1.2,0.08,0.35,0.351775944710427,0.5451071763606504,0.9954052623649218,0.1315595008860135,1.0,0.3502592898788566,0.5402709892641708,0.9868419559331455,0.1420548336438504,0.7702562193627861,0.004594737635078228,intermediate
0.15,0.005,0.025,1.2,0.08,0.55,0.5112608807598698,0.9763105557818663,1.0,0.0,1.0,0.5255990698884567,0.9908537291504635,1.0,0.0,0.9881552778909332,0.0,adaptive_zone
0.15,0.005,0.025,1.2,0.08,0.75,0.5112608807598698,0.9763105557818663,1.0,0.0,1.0,0.5255990698884567,0.9908537291504635,1.0,0.0,0.9881552778909332,0.0,adaptive_zone
0.15,0.005,0.025,1.2,0.16,0.15,0.15190418026369354,0.08849800455381665,0.8405134080635108,0.2966961570464991,0.006,0.15007842049350623,0.08473998225980899,0.6984027633781871,0.3046562949120072,0.4645057063086637,0.15948659193648917,capacity_suppression
0.15,0.005,0.025,1.2,0.16,0.35,0.35088832477931253,0.5422402400712212,0.9952458374573894,0.1322738852081907,1.0,0.3501295305496024,0.5398388346911991,0.9866040618756278,0.1421112398020749,0.7687430387643053,0.004754162542610629,intermediate
0.15,0.005,0.025,1.2,0.16,0.55,0.5112608807598698,0.9763105557818663,1.0,0.0,1.0,0.5255990698884567,0.9908537291504635,1.0,0.0,0.9881552778909332,0.0,adaptive_zone
0.15,0.005,0.025,1.2,0.16,0.75,0.5112608807598698,0.9763105557818663,1.0,0.0,1.0,0.5255990698884567,0.9908537291504635,1.0,0.0,0.9881552778909332,0.0,adaptive_zone
0.15,0.005,0.06,0.4,0.04,0.15,0.17284381164150311,0.1299425319129665,0.6400702509111694,0.8387270143062798,0.079,0.15099727299073207,0.0857054262753324,0.3453186754191163,0.9137125747404958,0.38500639141206794,0.3599297490888306,homeostatic_trap
0.15,0.005,0.06,0.4,0.04,0.35,0.3606102491603087,0.5736124571479915,0.9348610910821116,0.3732653877194951,1.0,0.35156915287439683,0.5446369683961607,0.8504315208106937,0.42434720029737166,0.7542367741150515,0.06513890891788843,intermediate
0.15,0.005,0.06,0.4,0.04,0.55,0.5112608807598698,0.9763105557818663,1.0,0.0,1.0,0.5255990698884567,0.9908537291504635,1.0,0.0,0.9881552778909332,0.0,adaptive_zone
0.15,0.005,0.06,0.4,0.04,0.75,0.5112608807598698,0.9763105557818663,1.0,0.0,1.0,0.5255990698884567,0.9908537291504635,1.0,0.0,0.9881552778909332,0.0,adaptive_zone
0.15,0.005,0.06,0.4,0.08,0.15,0.16142427517637328,0.1073112772786126,0.6139179163066782,0.8667561497804177,0.039,0.15048321312687601,0.0851642263682873,0.330354337198145,0.913903357059713,0.3606145967926454,0.38608208369332175,homeostatic_trap
0.15,0.005,0.06,0.4,0.08,0.35,0.3553190877999669,0.5565419632923496,0.923742294900817,0.38610788186520495,1.0,0.35078058239299764,0.5420077689990356,0.8394713985530036,0.4254645774059147,0.7401421290965833,0.07625770509918295,intermediate
0.15,0.005,0.06,0.4,0.08,0.55,0.5112608807598698,0.9763105557818663,1.0,0.0,1.0,0.5255990698884567,0.9908537291504635,1.0,0.0,0.9881552778909332,0.0,adaptive_zone
0.15,0.005,0.06,0.4,0.08,0.75,0.5112608807598698,0.9763105557818663,1.0,0.0,1.0,0.5255990698884567,0.9908537291504635,1.0,0.0,0.9881552778909332,0.0,adaptive_zone
0.15,0.005,0.06,0.4,0.16,0.15,0.15571244290742936,0.09601898268585939,0.6003077041260984,0.8807589314623087,0.019,0.15023779179019447,0.08490681024664234,0.3232255045435389,0.9139528185022696,0.3481633434059789,0.39969229587390165,homeostatic_trap
0.15,0.005,0.06,0.4,0.16,0.35,0.35266284501688766,0.547970029148106,0.9178375184564738,0.39253545879872576,1.0,0.35038927602729125,0.5407039643734789,0.8341558508274572,0.42599291853766774,0.7329037738022899,0.08216248154352623,intermediate
0.15,0.005,0.06,0.4,0.16,0.55,0.5112608807598698,0.9763105557818663,1.0,0.0,1.0,0.5255990698884567,0.9908537291504635,1.0,0.0,0.9881552778909332,0.0,adaptive_zone
0.15,0.005,0.06,0.4,0.16,0.75,0.5112608807598698,0.9763105557818663,1.0,0.0,1.0,0.5255990698884567,0.9908537291504635,1.0,0.0,0.9881552778909332,0.0,adaptive_zone
0.15,0.005,0.06,0.8,0.04,0.15,0.16142427517637328,0.1073112772786126,0.7906396606396577,0.43337807489020885,0.039,0.15048321312687601,0.0851642263682873,0.5991416552628112,0.4569516785298565,0.44897546895913515,0.20936033936034226,homeostatic_trap
0.15,0.005,0.06,0.8,0.04,0.35,0.3553190877999669,0.5565419632923496,1.0,0.19305394093260247,1.0,0.35078058239299764,0.5420077689990356,1.0,0.21273228870295735,0.7782709816461748,0.0,intermediate
0.15,0.005,0.06,0.8,0.04,0.55,0.5112608807598698,0.9763105557818663,1.0,0.0,1.0,0.5255990698884567,0.9908537291504635,1.0,0.0,0.9881552778909332,0.0,adaptive_zone
0.15,0.005,0.06,0.8,0.04,0.75,0.5112608807598698,0.9763105557818663,1.0,0.0,1.0,0.5255990698884567,0.9908537291504635,1.0,0.0,0.9881552778909332,0.0,adaptive_zone
0.15,0.005,0.06,0.8,0.08,0.15,0.15571244290742936,0.09601898268585939,0.7808487506000321,0.44037946573115433,0.019,0.15023779179019447,0.08490681024664234,0.5916723046562392,0.4569764092511348,0.43843386664294576,0.21915124939996788,homeostatic_trap
0.15,0.005,0.06,0.8,0.08,0.35,0.35266284501688766,0.547970029148106,1.0,0.19626772939936288,1.0,0.35038927602729125,0.5407039643734789,1.0,0.21299645926883387,0.773985014574053,0.0,intermediate
0.15,0.005,0.06,0.8,0.08,0.55,0.5112608807598698,0.9763105557818663,1.0,0.0,1.0,0.5255990698884567,0.9908537291504635,1.0,0.0,0.9881552778909332,0.0,adaptive_zone
0.15,0.005,0.06,0.8,0.08,0.75,0.5112608807598698,0.9763105557818663,1.0,0.0,1.0,0.5255990698884567,0.9908537291504635,1.0,0.0,0.9881552778909332,0.0,adaptive_zone
0.15,0.005,0.06,0.8,0.16,0.15,0.15285626218471596,0.09037807551702569,0.7758458320685128,0.44387828008348623,0.01,0.15011794662427752,0.08478133335149939,0.5879891861246268,0.4569830780946688,0.43311195379276923,0.22415416793148724,homeostatic_trap
0.15,0.005,0.06,0.8,0.16,0.35,0.35133222382206614,0.5436744341976644,1.0,0.19787503849711113,1.0,0.35019438178402407,0.5400548091479578,1.0,0.2131247104451385,0.7718372170988321,0.0,intermediate
0.15,0.005,0.06,0.8,0.16,0.55,0.5112608807598698,0.9763105557818663,1.0,0.0,1.0,0.5255990698884567,0.9908537291504635,1.0,0.0,0.9881552778909332,0.0,adaptive_zone
0.15,0.005,0.06,0.8,0.16,0.75,0.5112608807598698,0.9763105557818663,1.0,0.0,1.0,0.5255990698884567,0.9908537291504635,1.0,0.0,0.9881552778909332,0.0,adaptive_zone
0.15,0.005,0.06,1.2,0.04,0.15,0.15761648296237615,0.09978138874751778,0.861264927574183,0.2920307972787951,0.026,0.15031874759601854,0.08499165405808869,0.7288694603912573,0.30464656859120576,0.4805231581608504,0.13873507242581695,capacity_suppression
0.15,0.005,0.06,1.2,0.04,0.35,0.3535490116610183,0.5508300133358539,1.0,0.13013087636535015,1.0,0.3505194877106974,0.541137755681222,1.0,0.14193968693230527,0.775415006667927,0.0,intermediate
0.15,0.005,0.06,1.2,0.04,0.55,0.5112608807598698,0.9763105557818663,1.0,0.0,1.0,0.5255990698884567,0.9908537291504635,1.0,0.0,0.9881552778909332,0.0,adaptive_zone
0.15,0.005,0.06,1.2,0.04,0.75,0.5112608807598698,0.9763105557818663,1.0,0.0,1.0,0.5255990698884567,0.9908537291504635,1.0,0.0,0.9881552778909332,0.0,adaptive_zone
0.15,0.005,0.06,1.2,0.08,0.15,0.1538083350118219,0.0922581033055281,0.856213869391264,0.29514144070271936,0.013,0.1501576836599216,0.08482292130298373,0.72461489270534,0.3046541862529584,0.47423598634839603,0.14378613060873602,capacity_suppression
0.15,0.005,0.06,1.2,0.08,0.35,0.351775944710427,0.5451071763606504,1.0,0.1315595008860135,1.0,0.3502592898788566,0.5402709892641708,1.0,0.1420548336438504,0.7725535881803252,0.0,intermediate
0.15,0.005,0.06,1.2,0.08,0.55,0.5112608807598698,0.9763105557818663,1.0,0.0,1.0,0.5255990698884567,0.9908537291504635,1.0,0.0,0.9881552778909332,0.0,adaptive_zone
0.15,0.005,0.06,1.2,0.08,0.75,0.5112608807598698,0.9763105557818663,1.0,0.0,1.0,0.5255990698884567,0.9908537291504635,1.0,0.0,0.9881552778909332,0.0,adaptive_zone
0.15,0.005,0.06,1.2,0.16,0.15,0.15190418026369354,0.08849800455381665,0.8536539586622524,0.2966961570464991,0.006,0.15007842049350623,0.08473998225980899,0.7225071048342298,0.3046562949120072,0.4710759816080345,0.14634604133774765,capacity_suppression
0.15,0.005,0.06,1.2,0.16,0.35,0.35088832477931253,0.5422402400712212,1.0,0.1322738852081907,1.0,0.3501295305496024,0.5398388346911991,1.0,0.1421112398020749,0.7711201200356106,0.0,intermediate
0.15,0.005,0.06,1.2,0.16,0.55,0.5112608807598698,0.9763105557818663,1.0,0.0,1.0,0.5255990698884567,0.9908537291504635,1.0,0.0,0.9881552778909332,0.0,adaptive_zone
0.15,0.005,0.06,1.2,0.16,0.75,0.5112608807598698,0.9763105557818663,1.0,0.0,1.0,0.5255990698884567,0.9908537291504635,1.0,0.0,0.9881552778909332,0.0,adaptive_zone
0.15,0.02,0.005,0.4,0.04,0.15,0.17284381164150311,0.1299425319129665,0.6647113001427073,0.8387270143062798,0.079,0.15099727299073207,0.0857054262753324,0.39646519414452314,0.9137125747404958,0.3973269160278369,0.3352886998572927,homeostatic_trap
0.15,0.02,0.005,0.4,0.04,0.35,0.3606102491603087,0.5736124571479915,0.8756449403180917,0.3732653877194951,1.0,0.35156915287439683,0.5446369683961607,0.7401992239875047,0.42434720029737166,0.7246286987330416,0.1243550596819083,intermediate
0.15,0.02,0.005,0.4,0.04,0.55,0.5112608807598698,0.9763105557818663,1.0,0.0,1.0,0.5255990698884567,0.9908537291504635,1.0,0.0,0.9881552778909332,0.0,adaptive_zone
0.15,0.02,0.005,0.4,0.04,0.75,0.5112608807598698,0.9763105557818663,1.0,0.0,1.0,0.5255990698884567,0.9908537291504635,1.0,0.0,0.9881552778909332,0.0,adaptive_zone
0.15,0.02,0.005,0.4,0.08,0.15,0.16142427517637328,0.1073112772786126,0.6434689362415749,0.8667561497804177,0.039,0.15048321312687601,0.0851642263682873,0.3843660844568012,0.913903357059713,0.3753901067600937,0.35653106375842514,homeostatic_trap
0.15,0.02,0.005,0.4,0.08,0.35,0.3553190877999669,0.5565419632923496,0.8636958312691798,0.38610788186520495,1.0,0.35078058239299764,0.5420077689990356,0.7295637687965353,0.4254645774059147,0.7101188972807647,0.13630416873082019,intermediate
0.15,0.02,0.005,0.4,0.08,0.55,0.5112608807598698,0.9763105557818663,1.0,0.0,1.0,0.5255990698884567,0.9908537291504635,1.0,0.0,0.9881552778909332,0.0,adaptive_zone
0.15,0.02,0.005,0.4,0.08,0.75,0.5112608807598698,0.9763105557818663,1.0,0.0,1.0,0.5255990698884567,0.9908537291504635,1.0,0.0,0.9881552778909332,0.0,adaptive_zone
0.15,0.02,0.005,0.4,0.16,0.15,0.15571244290742936,0.09601898268585939,0.632360456100165,0.8807589314623087,0.019,0.15023779179019447,0.08490681024664234,0.3785755487956962,0.9139528185022696,0.3641897193930122,0.367639543899835,homeostatic_trap
0.15,0.02,0.005,0.4,0.16,0.35,0.35266284501688766,0.547970029148106,0.8574281847494355,0.39253545879872576,1.0,0.35038927602729125,0.5407039643734789,0.7243690080404751,0.42599291853766774,0.7026991069487707,0.1425718152505645,intermediate
0.15,0.02,0.005,0.4,0.16,0.55,0.5112608807598698,0.9763105557818663,1.0,0.0,1.0,0.5255990698884567,0.9908537291504635,1.0,0.0,0.9881552778909332,0.0,adaptive_zone
0.15,0.02,0.005,0.4,0.16,0.75,0.5112608807598698,0.9763105557818663,1.0,0.0,1.0,0.5255990698884567,0.9908537291504635,1.0,0.0,0.9881552778909332,0.0,adaptive_zone
0.15,0.02,0.005,0.8,0.04,0.15,0.16142427517637328,0.1073112772786126,0.8270514185146315,0.43337807489020885,0.039,0.15048321312687601,0.0851642263682873,0.6701756299239962,0.4569516785298565,0.467181347896622,0.1729485814853685,capacity_suppression
0.15,0.02,0.005,0.8,0.04,0.35,0.3553190877999669,0.5565419632923496,0.9742296312481172,0.19305394093260247,1.0,0.35078058239299764,0.5420077689990356,0.9411802927575196,0.21273228870295735,0.7653857972702334,0.025770368751882766,intermediate
0.15,0.02,0.005,0.8,0.04,0.55,0.5112608807598698,0.9763105557818663,1.0,0.0,1.0,0.5255990698884567,0.9908537291504635,1.0,0.0,0.9881552778909332,0.0,adaptive_zone
0.15,0.02,0.005,0.8,0.04,0.75,0.5112608807598698,0.9763105557818663,1.0,0.0,1.0,0.5255990698884567,0.9908537291504635,1.0,0.0,0.9881552778909332,0.0,adaptive_zone
0.15,0.02,0.005,0.8,0.08,0.15,0.15571244290742936,0.09601898268585939,0.8199228125501999,0.44037946573115433,0.019,0.15023779179019447,0.08490681024664234,0.6647699731102537,0.4569764092511348,0.45797089761802967,0.18007718744980006,capacity_suppression
0.15,0.02,0.005,0.8,0.08,0.35,0.35266284501688766,0.547970029148106,0.9721285702985467,0.19626772939936288,1.0,0.35038927602729125,0.5407039643734789,0.9390163096721731,0.21299645926883387,0.7600492997233264,0.027871429701453287,intermediate
0.15,0.02,0.005,0.8,0.08,0.55,0.5112608807598698,0.9763105557818663,1.0,0.0,1.0,0.5255990698884567,0.9908537291504635,1.0,0.0,0.9881552778909332,0.0,adaptive_zone
0.15,0.02,0.005,0.8,0.08,0.75,0.5112608807598698,0.9763105557818663,1.0,0.0,1.0,0.5255990698884567,0.9908537291504635,1.0,0.0,0.9881552778909332,0.0,adaptive_zone
0.15,0.02,0.005,0.8,0.16,0.15,0.15285626218471596,0.09037807551702569,0.8162792763995332,0.44387828008348623,0.01,0.15011794662427752,0.08478133335149939,0.6621028563996931,0.4569830780946688,0.45332867595827947,0.18372072360046676,capacity_suppression
0.15,0.02,0.005,0.8,0.16,0.35,0.35133222382206614,0.5436744341976644,0.9710444962975825,0.19787503849711113,1.0,0.35019438178402407,0.5400548091479578,0.9379449666229146,0.2131247104451385,0.7573594652476234,0.028955503702417507,intermediate
0.15,0.02,0.005,0.8,0.16,0.55,0.5112608807598698,0.9763105557818663,1.0,0.0,1.0,0.5255990698884567,0.9908537291504635,1.0,0.0,0.9881552778909332,0.0,adaptive_zone
0.15,0.02,0.005,0.8,0.16,0.75,0.5112608807598698,0.9763105557818663,1.0,0.0,1.0,0.5255990698884567,0.9908537291504635,1.0,0.0,0.9881552778909332,0.0,adaptive_zone
0.15,0.02,0.005,1.2,0.04,0.15,0.15761648296237615,0.09978138874751778,0.9024607453403224,0.2920307972787951,0.026,0.15031874759601854,0.08499165405808869,0.8090858143278852,0.30464656859120576,0.5011210670439201,0.09753925465967761,capacity_suppression
0.15,0.02,0.005,1.2,0.04,0.35,0.3535490116610183,0.5508300133358539,1.0,0.13013087636535015,1.0,0.3505194877106974,0.541137755681222,1.0,0.14193968693230527,0.775415006667927,0.0,intermediate
0.15,0.02,0.005,1.2,0.04,0.55,0.5112608807598698,0.9763105557818663,1.0,0.0,1.0,0.5255990698884567,0.9908537291504635,1.0,0.0,0.9881552778909332,0.0,adaptive_zone
0.15,0.02,0.005,1.2,0.04,0.75,0.5112608807598698,0.9763105557818663,1.0,0.0,1.0,0.5255990698884567,0.9908537291504635,1.0,0.0,0.9881552778909332,0.0,adaptive_zone
0.15,0.02,0.005,1.2,0.08,0.15,0.1538083350118219,0.0922581033055281,0.8991825611739027,0.29514144070271936,0.013,0.1501576836599216,0.08482292130298373,0.806341571546547,0.3046541862529584,0.4957203322397154,0.10081743882609728,capacity_suppression
0.15,0.02,0.005,1.2,0.08,0.35,0.351775944710427,0.5451071763606504,1.0,0.1315595008860135,1.0,0.3502592898788566,0.5402709892641708,1.0,0.1420548336438504,0.7725535881803252,0.0,intermediate
0.15,0.02,0.005,1.2,0.08,0.55,0.5112608807598698,0.9763105557818663,1.0,0.0,1.0,0.5255990698884567,0.9908537291504635,1.0,0.0,0.9881552778909332,0.0,adaptive_zone
0.15,0.02,0.005,1.2,0.08,0.75,0.5112608807598698,0.9763105557818663,1.0,0.0,1.0,0.5255990698884567,0.9908537291504635,1.0,0.0,0.9881552778909332,0.0,adaptive_zone
0.15,0.02,0.005,1.2,0.16,0.15,0.15190418026369354,0.08849800455381665,0.8975142573170547,0.2966961570464991,0.006,0.15007842049350623,0.08473998225980899,0.804976543541033,0.3046562949120072,0.49300613093543566,0.1024857426829453,capacity_suppression
0.15,0.02,0.005,1.2,0.16,0.35,0.35088832477931253,0.5422402400712212,1.0,0.1322738852081907,1.0,0.3501295305496024,0.5398388346911991,1.0,0.1421112398020749,0.7711201200356106,0.0,intermediate
0.15,0.02,0.005,1.2,0.16,0.55,0.5112608807598698,0.9763105557818663,1.0,0.0,1.0,0.5255990698884567,0.9908537291504635,1.0,0.0,0.9881552778909332,0.0,adaptive_zone
0.15,0.02,0.005,1.2,0.16,0.75,0.5112608807598698,0.9763105557818663,1.0,0.0,1.0,0.5255990698884567,0.9908537291504635,1.0,0.0,0.9881552778909332,0.0,adaptive_zone
0.15,0.02,0.025,0.4,0.04,0.15,0.17284381164150311,0.1299425319129665,0.6737772387560402,0.8387270143062798,0.079,0.15099727299073207,0.0857054262753324,0.4076551009362802,0.9137125747404958,0.40185988533450334,0.32622276124395977,homeostatic_trap
0.15,0.02,0.025,0.4,0.04,0.35,0.3606102491603087,0.5736124571479915,0.9185709703268717,0.3732653877194951,1.0,0.35156915287439683,0.5446369683961607,0.8202610071057087,0.42434720029737166,0.7460917137374317,0.08142902967312826,intermediate
0.15,0.02,0.025,0.4,0.04,0.55,0.5112608807598698,0.9763105557818663,1.0,0.0,1.0,0.5255990698884567,0.9908537291504635,1.0,0.0,0.9881552778909332,0.0,adaptive_zone
0.15,0.02,0.025,0.4,0.04,0.75,0.5112608807598698,0.9763105557818663,1.0,0.0,1.0,0.5255990698884567,0.9908537291504635,1.0,0.0,0.9881552778909332,0.0,adaptive_zone
0.15,0.02,0.025,0.4,0.08,0.15,0.16142427517637328,0.1073112772786126,0.6508527872240263,0.8667561497804177,0.039,0.15048321312687601,0.0851642263682873,0.3945440513914531,0.913903357059713,0.3790820322513194,0.3491472127759737,homeostatic_trap
0.15,0.02,0.025,0.4,0.08,0.35,0.3553190877999669,0.5565419632923496,0.9075069083768003,0.38610788186520495,1.0,0.35078058239299764,0.5420077689990356,0.8099008662858995,0.4254645774059147,0.7320244358345749,0.09249309162319974,intermediate
0.15,0.02,0.025,0.4,0.08,0.55,0.5112608807598698,0.9763105557818663,1.0,0.0,1.0,0.5255990698884567,0.9908537291504635,1.0,0.0,0.9881552778909332,0.0,adaptive_zone
0.15,0.02,0.025,0.4,0.08,0.75,0.5112608807598698,0.9763105557818663,1.0,0.0,1.0,0.5255990698884567,0.9908537291504635,1.0,0.0,0.9881552778909332,0.0,adaptive_zone
0.15,0.02,0.025,0.4,0.16,0.15,0.15571244290742936,0.09601898268585939,0.6389059948385141,0.8807589314623087,0.019,0.15023779179019447,0.08490681024664234,0.38829651758177114,0.9139528185022696,0.36746248876218673,0.36109400516148593,homeostatic_trap
0.15,0.02,0.025,0.4,0.16,0.35,0.35266284501688766,0.547970029148106,0.901672583450939,0.39253545879872576,1.0,0.35038927602729125,0.5407039643734789,0.8048690076671521,0.42599291853766774,0.7248213062995226,0.09832741654906096,intermediate
0.15,0.02,0.025,0.4,0.16,0.55,0.5112608807598698,0.9763105557818663,1.0,0.0,1.0,0.5255990698884567,0.9908537291504635,1.0,0.0,0.9881552778909332,0.0,adaptive_zone
0.15,0.02,0.025,0.4,0.16,0.75,0.5112608807598698,0.9763105557818663,1.0,0.0,1.0,0.5255990698884567,0.9908537291504635,1.0,0.0,0.9881552778909332,0.0,adaptive_zone
0.15,0.02,0.025,0.8,0.04,0.15,0.16142427517637328,0.1073112772786126,0.8352575511065169,0.43337807489020885,0.039,0.15048321312687601,0.0851642263682873,0.6835357501886911,0.4569516785298565,0.4712844141925647,0.1647424488934831,capacity_suppression
0.15,0.02,0.025,0.8,0.04,0.35,0.3553190877999669,0.5565419632923496,1.0,0.19305394093260247,1.0,0.35078058239299764,0.5420077689990356,1.0,0.21273228870295735,0.7782709816461748,0.0,intermediate
0.15,0.02,0.025,0.8,0.04,0.55,0.5112608807598698,0.9763105557818663,1.0,0.0,1.0,0.5255990698884567,0.9908537291504635,1.0,0.0,0.9881552778909332,0.0,adaptive_zone
0.15,0.02,0.025,0.8,0.04,0.75,0.5112608807598698,0.9763105557818663,1.0,0.0,1.0,0.5255990698884567,0.9908537291504635,1.0,0.0,0.9881552778909332,0.0,adaptive_zone
0.15,0.02,0.025,0.8,0.08,0.15,0.15571244290742936,0.09601898268585939,0.8274759303624221,0.44037946573115433,0.019,0.15023779179019447,0.08490681024664234,0.6776013220481557,0.4569764092511348,0.46174745652414073,0.17252406963757794,capacity_suppression
0.15,0.02,0.025,0.8,0.08,0.35,0.35266284501688766,0.547970029148106,1.0,0.19626772939936288,1.0,0.35038927602729125,0.5407039643734789,1.0,0.21299645926883387,0.773985014574053,0.0,intermediate
0.15,0.02,0.025,0.8,0.08,0.55,0.5112608807598698,0.9763105557818663,1.0,0.0,1.0,0.5255990698884567,0.9908537291504635,1.0,0.0,0.9881552778909332,0.0,adaptive_zone
0.15,0.02,0.025,0.8,0.08,0.75,0.5112608807598698,0.9763105557818663,1.0,0.0,1.0,0.5255990698884567,0.9908537291504635,1.0,0.0,0.9881552778909332,0.0,adaptive_zone
0.15,0.02,0.025,0.8,0.16,0.15,0.15285626218471596,0.09037807551702569,0.8235028790701471,0.44387828008348623,0.01,0.15011794662427752,0.08478133335149939,0.6746801501861616,0.4569830780946688,0.4569404772935864,0.17649712092985292,capacity_suppression
0.15,0.02,0.025,0.8,0.16,0.35,0.35133222382206614,0.5436744341976644,1.0,0.19787503849711113,1.0,0.35019438178402407,0.5400548091479578,1.0,0.2131247104451385,0.7718372170988321,0.0,intermediate
0.15,0.02,0.025,0.8,0.16,0.55,0.5112608807598698,0.9763105557818663,1.0,0.0,1.0,0.5255990698884567,0.9908537291504635,1.0,0.0,0.9881552778909332,0.0,adaptive_zone
0.15,0.02,0.025,0.8,0.16,0.75,0.5112608807598698,0.9763105557818663,1.0,0.0,1.0,0.5255990698884567,0.9908537291504635,1.0,0.0,0.9881552778909332,0.0,adaptive_zone
0.15,0.02,0.025,1.2,0.04,0.15,0.15761648296237615,0.09978138874751778,0.9103181276543064,0.2920307972787951,0.026,0.15031874759601854,0.08499165405808869,0.8231823652267779,0.30464656859120576,0.5050497582009121,0.08968187234569358,capacity_suppression
0.15,0.02,0.025,1.2,0.04,0.35,0.3535490116610183,0.5508300133358539,1.0,0.13013087636535015,1.0,0.3505194877106974,0.541137755681222,1.0,0.14193968693230527,0.775415006667927,0.0,intermediate
0.15,0.02,0.025,1.2,0.04,0.55,0.5112608807598698,0.9763105557818663,1.0,0.0,1.0,0.5255990698884567,0.9908537291504635,1.0,0.0,0.9881552778909332,0.0,adaptive_zone
0.15,0.02,0.025,1.2,0.04,0.75,0.5112608807598698,0.9763105557818663,1.0,0.0,1.0,0.5255990698884567,0.9908537291504635,1.0,0.0,0.9881552778909332,0.0,adaptive_zone
0.15,0.02,0.025,1.2,0.08,0.15,0.1538083350118219,0.0922581033055281,0.9067915550469964,0.29514144070271936,0.013,0.1501576836599216,0.08482292130298373,0.8202071066788035,0.3046541862529584,0.49952482917626223,0.09320844495300362,capacity_suppression
0.15,0.02,0.025,1.2,0.08,0.35,0.351775944710427,0.5451071763606504,1.0,0.1315595008860135,1.0,0.3502592898788566,0.5402709892641708,1.0,0.1420548336438504,0.7725535881803252,0.0,intermediate
0.15,0.02,0.025,1.2,0.08,0.55,0.5112608807598698,0.9763105557818663,1.0,0.0,1.0,0.5255990698884567,0.9908537291504635,1.0,0.0,0.9881552778909332,0.0,adaptive_zone
0.15,0.02,0.025,1.2,0.08,0.75,0.5112608807598698,0.9763105557818663,1.0,0.0,1.0,0.5255990698884567,0.9908537291504635,1.0,0.0,0.9881552778909332,0.0,adaptive_zone
0.15,0.02,0.025,1.2,0.16,0.15,0.15190418026369354,0.08849800455381665,0.9050019535577711,0.2966961570464991,0.006,0.15007842049350623,0.08473998225980899,0.8187335850402919,0.3046562949120072,0.4967499790557939,0.09499804644222887,capacity_suppression
0.15,0.02,0.025,1.2,0.16,0.35,0.35088832477931253,0.5422402400712212,1.0,0.1322738852081907,1.0,0.3501295305496024,0.5398388346911991,1.0,0.1421112398020749,0.7711201200356106,0.0,intermediate
0.15,0.02,0.025,1.2,0.16,0.55,0.5112608807598698,0.9763105557818663,1.0,0.0,1.0,0.5255990698884567,0.9908537291504635,1.0,0.0,0.9881552778909332,0.0,adaptive_zone
0.15,0.02,0.025,1.2,0.16,0.75,0.5112608807598698,0.9763105557818663,1.0,0.0,1.0,0.5255990698884567,0.9908537291504635,1.0,0.0,0.9881552778909332,0.0,adaptive_zone
0.15,0.02,0.06,0.4,0.04,0.15,0.17284381164150311,0.1299425319129665,0.6881789957149875,0.8387270143062798,0.079,0.15099727299073207,0.0857054262753324,0.42651245741098825,0.9137125747404958,0.40906076381397705,0.31182100428501247,homeostatic_trap
0.15,0.02,0.06,0.4,0.04,0.35,0.3606102491603087,0.5736124571479915,0.9830888733847994,0.3732653877194951,1.0,0.35156915287439683,0.5446369683961607,0.9516754227103713,0.42434720029737166,0.7783506652663954,0.016911126615200556,intermediate
0.15,0.02,0.06,0.4,0.04,0.55,0.5112608807598698,0.9763105557818663,1.0,0.0,1.0,0.5255990698884567,0.9908537291504635,1.0,0.0,0.9881552778909332,0.0,adaptive_zone
0.15,0.02,0.06,0.4,0.04,0.75,0.5112608807598698,0.9763105557818663,1.0,0.0,1.0,0.5255990698884567,0.9908537291504635,1.0,0.0,0.9881552778909332,0.0,adaptive_zone
0.15,0.02,0.06,0.4,0.08,0.15,0.16142427517637328,0.1073112772786126,0.663041943972411,0.8667561497804177,0.039,0.15048321312687601,0.0851642263682873,0.4120016109340627,0.913903357059713,0.3851766106255118,0.336958056027589,homeostatic_trap
0.15,0.02,0.06,0.4,0.08,0.35,0.3553190877999669,0.5565419632923496,0.9786704709527355,0.38610788186520495,1.0,0.35078058239299764,0.5420077689990356,0.9462477819678958,0.4254645774059147,0.7676062171225426,0.021329529047264484,intermediate
0.15,0.02,0.06,0.4,0.08,0.55,0.5112608807598698,0.9763105557818663,1.0,0.0,1.0,0.5255990698884567,0.9908537291504635,1.0,0.0,0.9881552778909332,0.0,adaptive_zone
0.15,0.02,0.06,0.4,0.08,0.75,0.5112608807598698,0.9763105557818663,1.0,0.0,1.0,0.5255990698884567,0.9908537291504635,1.0,0.0,0.9881552778909332,0.0,adaptive_zone
0.15,0.02,0.06,0.4,0.16,0.15,0.15571244290742936,0.09601898268585939,0.6499846208002105,0.8807589314623087,0.019,0.15023779179019447,0.08490681024664234,0.4051286048809587,0.9139528185022696,0.37300180174303493,0.35001537919978953,homeostatic_trap
0.15,0.02,0.06,0.4,0.16,0.35,0.35266284501688766,0.547970029148106,0.9763066441511066,0.39253545879872576,1.0,0.35038927602729125,0.5407039643734789,0.9436556686204803,0.42599291853766774,0.7621383366496063,0.023693355848893427,intermediate
0.15,0.02,0.06,0.4,0.16,0.55,0.5112608807598698,0.9763105557818663,1.0,0.0,1.0,0.5255990698884567,0.9908537291504635,1.0,0.0,0.9881552778909332,0.0,adaptive_zone
0.15,0.02,0.06,0.4,0.16,0.75,0.5112608807598698,0.9763105557818663,1.0,0.0,1.0,0.5255990698884567,0.9908537291504635,1.0,0.0,0.9881552778909332,0.0,adaptive_zone
0.15,0.02,0.06,0.8,0.04,0.15,0.16142427517637328,0.1073112772786126,0.8486212510973362,0.43337807489020885,0.039,0.15048321312687601,0.0851642263682873,0.7061967924607792,0.4569516785298565,0.4779662641879744,0.15137874890266378,capacity_suppression
0.15,0.02,0.06,0.8,0.04,0.35,0.3553190877999669,0.5565419632923496,1.0,0.19305394093260247,1.0,0.35078058239299764,0.5420077689990356,1.0,0.21273228870295735,0.7782709816461748,0.0,intermediate
0.15,0.02,0.06,0.8,0.04,0.55,0.5112608807598698,0.9763105557818663,1.0,0.0,1.0,0.5255990698884567,0.9908537291504635,1.0,0.0,0.9881552778909332,0.0,adaptive_zone
0.15,0.02,0.06,0.8,0.04,0.75,0.5112608807598698,0.9763105557818663,1.0,0.0,1.0,0.5255990698884567,0.9908537291504635,1.0,0.0,0.9881552778909332,0.0,adaptive_zone
0.15,0.02,0.06,0.8,0.08,0.15,0.15571244290742936,0.09601898268585939,0.8401776616693776,0.44037946573115433,0.019,0.15023779179019447,0.08490681024664234,0.6996894085331532,0.4569764092511348,0.4680983221776185,0.15982233833062243,capacity_suppression
0.15,0.02,0.06,0.8,0.08,0.35,0.35266284501688766,0.547970029148106,1.0,0.19626772939936288,1.0,0.35038927602729125,0.5407039643734789,1.0,0.21299645926883387,0.773985014574053,0.0,intermediate
0.15,0.02,0.06,0.8,0.08,0.55,0.5112608807598698,0.9763105557818663,1.0,0.0,1.0,0.5255990698884567,0.9908537291504635,1.0,0.0,0.9881552778909332,0.0,adaptive_zone
0.15,0.02,0.06,0.8,0.08,0.75,0.5112608807598698,0.9763105557818663,1.0,0.0,1.0,0.5255990698884567,0.9908537291504635,1.0,0.0,0.9881552778909332,0.0,adaptive_zone
0.15,0.02,0.06,0.8,0.16,0.15,0.15285626218471596,0.09037807551702569,0.8358596011785792,0.44387828008348623,0.01,0.15011794662427752,0.08478133335149939,0.6964897074731266,0.4569830780946688,0.46311883834780243,0.16414039882142084,capacity_suppression
0.15,0.02,0.06,0.8,0.16,0.35,0.35133222382206614,0.5436744341976644,1.0,0.19787503849711113,1.0,0.35019438178402407,0.5400548091479578,1.0,0.2131247104451385,0.7718372170988321,0.0,intermediate
0.15,0.02,0.06,0.8,0.16,0.55,0.5112608807598698,0.9763105557818663,1.0,0.0,1.0,0.5255990698884567,0.9908537291504635,1.0,0.0,0.9881552778909332,0.0,adaptive_zone
0.15,0.02,0.06,0.8,0.16,0.75,0.5112608807598698,0.9763105557818663,1.0,0.0,1.0,0.5255990698884567,0.9908537291504635,1.0,0.0,0.9881552778909332,0.0,adaptive_zone
0.15,0.02,0.06,1.2,0.04,0.15,0.15761648296237615,0.09978138874751778,0.9234156837647974,0.2920307972787951,0.026,0.15031874759601854,0.08499165405808869,0.8473203895677147,0.30464656859120576,0.5115985362561576,0.07658431623520257,capacity_suppression
0.15,0.02,0.06,1.2,0.04,0.35,0.3535490116610183,0.5508300133358539,1.0,0.13013087636535015,1.0,0.3505194877106974,0.541137755681222,1.0,0.14193968693230527,0.775415006667927,0.0,intermediate
0.15,0.02,0.06,1.2,0.04,0.55,0.5112608807598698,0.9763105557818663,1.0,0.0,1.0,0.5255990698884567,0.9908537291504635,1.0,0.0,0.9881552778909332,0.0,adaptive_zone
0.15,0.02,0.06,1.2,0.04,0.75,0.5112608807598698,0.9763105557818663,1.0,0.0,1.0,0.5255990698884567,0.9908537291504635,1.0,0.0,0.9881552778909332,0.0,adaptive_zone
0.15,0.02,0.06,1.2,0.08,0.15,0.1538083350118219,0.0922581033055281,0.9197692654591467,0.29514144070271936,0.013,0.1501576836599216,0.08482292130298373,0.8442005926504328,0.3046541862529584,0.5060136843823374,0.08023073454085328,capacity_suppression
0.15,0.02,0.06,1.2,0.08,0.35,0.351775944710427,0.5451071763606504,1.0,0.1315595008860135,1.0,0.3502592898788566,0.5402709892641708,1.0,0.1420548336438504,0.7725535881803252,0.0,intermediate
0.15,0.02,0.06,1.2,0.08,0.55,0.5112608807598698,0.9763105557818663,1.0,0.0,1.0,0.5255990698884567,0.9908537291504635,1.0,0.0,0.9881552778909332,0.0,adaptive_zone
0.15,0.02,0.06,1.2,0.08,0.75,0.5112608807598698,0.9763105557818663,1.0,0.0,1.0,0.5255990698884567,0.9908537291504635,1.0,0.0,0.9881552778909332,0.0,adaptive_zone
0.15,0.02,0.06,1.2,0.16,0.15,0.15190418026369354,0.08849800455381665,0.9179151633213231,0.2966961570464991,0.006,0.15007842049350623,0.08473998225980899,0.8426567975899103,0.3046562949120072,0.5032065839375699,0.08208483667867694,capacity_suppression
0.15,0.02,0.06,1.2,0.16,0.35,0.35088832477931253,0.5422402400712212,1.0,0.1322738852081907,1.0,0.3501295305496024,0.5398388346911991,1.0,0.1421112398020749,0.7711201200356106,0.0,intermediate
0.15,0.02,0.06,1.2,0.16,0.55,0.5112608807598698,0.9763105557818663,1.0,0.0,1.0,0.5255990698884567,0.9908537291504635,1.0,0.0,0.9881552778909332,0.0,adaptive_zone
0.15,0.02,0.06,1.2,0.16,0.75,0.5112608807598698,0.9763105557818663,1.0,0.0,1.0,0.5255990698884567,0.9908537291504635,1.0,0.0,0.9881552778909332,0.0,adaptive_zone
0.15,0.05,0.005,0.4,0.04,0.15,0.17284381164150311,0.1299425319129665,0.7622153260131612,0.8387270143062798,0.079,0.15099727299073207,0.0857054262753324,0.5594918293776642,0.9137125747404958,0.4460789289630639,0.23778467398683878,homeostatic_trap
0.15,0.05,0.005,0.4,0.04,0.35,0.3606102491603087,0.5736124571479915,0.9827332004614147,0.3732653877194951,1.0,0.35156915287439683,0.5446369683961607,0.9515478982384009,0.42434720029737166,0.7781728288047031,0.017266799538585342,intermediate
0.15,0.05,0.005,0.4,0.04,0.55,0.5112608807598698,0.9763105557818663,1.0,0.0,1.0,0.5255990698884567,0.9908537291504635,1.0,0.0,0.9881552778909332,0.0,adaptive_zone
0.15,0.05,0.005,0.4,0.04,0.75,0.5112608807598698,0.9763105557818663,1.0,0.0,1.0,0.5255990698884567,0.9908537291504635,1.0,0.0,0.9881552778909332,0.0,adaptive_zone
0.15,0.05,0.005,0.4,0.08,0.15,0.16142427517637328,0.1073112772786126,0.7423740410645902,0.8667561497804177,0.039,0.15048321312687601,0.0851642263682873,0.5479785117653575,0.913903357059713,0.42484265917160136,0.25762595893540985,homeostatic_trap
0.15,0.05,0.005,0.4,0.08,0.35,0.3553190877999669,0.5565419632923496,0.9790982878338277,0.38610788186520495,1.0,0.35078058239299764,0.5420077689990356,0.9474242120392149,0.4254645774059147,0.7678201255630887,0.020901712166172315,intermediate
0.15,0.05,0.005,0.4,0.08,0.55,0.5112608807598698,0.9763105557818663,1.0,0.0,1.0,0.5255990698884567,0.9908537291504635,1.0,0.0,0.9881552778909332,0.0,adaptive_zone
0.15,0.05,0.005,0.4,0.08,0.75,0.5112608807598698,0.9763105557818663,1.0,0.0,1.0,0.5255990698884567,0.9908537291504635,1.0,0.0,0.9881552778909332,0.0,adaptive_zone
0.15,0.05,0.005,0.4,0.16,0.15,0.15571244290742936,0.09601898268585939,0.7320556858168236,0.8807589314623087,0.019,0.15023779179019447,0.08490681024664234,0.542544933010481,0.9139528185022696,0.4140373342513415,0.26794431418317644,homeostatic_trap
0.15,0.05,0.005,0.4,0.16,0.35,0.35266284501688766,0.547970029148106,0.9771883449822176,0.39253545879872576,1.0,0.35038927602729125,0.5407039643734789,0.9454862513756065,0.42599291853766774,0.7625791870651618,0.022811655017782373,intermediate
0.15,0.05,0.005,0.4,0.16,0.55,0.5112608807598698,0.9763105557818663,1.0,0.0,1.0,0.5255990698884567,0.9908537291504635,1.0,0.0,0.9881552778909332,0.0,adaptive_zone
0.15,0.05,0.005,0.4,0.16,0.75,0.5112608807598698,0.9763105557818663,1.0,0.0,1.0,0.5255990698884567,0.9908537291504635,1.0,0.0,0.9881552778909332,0.0,adaptive_zone
0.15,0.05,0.005,0.8,0.04,0.15,0.16142427517637328,0.1073112772786126,0.9427295590338647,0.43337807489020885,0.039,0.15048321312687601,0.0851642263682873,0.8840703200386715,0.4569516785298565,0.5250204181562387,0.057270440966135316,capacity_suppression
0.15,0.05,0.005,0.8,0.04,0.35,0.3553190877999669,0.5565419632923496,1.0,0.19305394093260247,1.0,0.35078058239299764,0.5420077689990356,1.0,0.21273228870295735,0.7782709816461748,0.0,intermediate
0.15,0.05,0.005,0.8,0.04,0.55,0.5112608807598698,0.9763105557818663,1.0,0.0,1.0,0.5255990698884567,0.9908537291504635,1.0,0.0,0.9881552778909332,0.0,adaptive_zone
0.15,0.05,0.005,0.8,0.04,0.75,0.5112608807598698,0.9763105557818663,1.0,0.0,1.0,0.5255990698884567,0.9908537291504635,1.0,0.0,0.9881552778909332,0.0,adaptive_zone
0.15,0.05,0.005,0.8,0.08,0.15,0.15571244290742936,0.09601898268585939,0.9384846603773037,0.44037946573115433,0.019,0.15023779179019447,0.08490681024664234,0.8807337123738047,0.4569764092511348,0.5172518215315816,0.061515339622696286,capacity_suppression
0.15,0.05,0.005,0.8,0.08,0.35,0.35266284501688766,0.547970029148106,1.0,0.19626772939936288,1.0,0.35038927602729125,0.5407039643734789,1.0,0.21299645926883387,0.773985014574053,0.0,intermediate
0.15,0.05,0.005,0.8,0.08,0.55,0.5112608807598698,0.9763105557818663,1.0,0.0,1.0,0.5255990698884567,0.9908537291504635,1.0,0.0,0.9881552778909332,0.0,adaptive_zone
0.15,0.05,0.005,0.8,0.08,0.75,0.5112608807598698,0.9763105557818663,1.0,0.0,1.0,0.5255990698884567,0.9908537291504635,1.0,0.0,0.9881552778909332,0.0,adaptive_zone
0.15,0.05,0.005,0.8,0.16,0.15,0.15285626218471596,0.09037807551702569,0.9363080556705297,0.44387828008348623,0.01,0.15011794662427752,0.08478133335149939,0.8791043216016527,0.4569830780946688,0.5133430655937776,0.06369194432947034,capacity_suppression
0.15,0.05,0.005,0.8,0.16,0.35,0.35133222382206614,0.5436744341976644,1.0,0.19787503849711113,1.0,0.35019438178402407,0.5400548091479578,1.0,0.2131247104451385,0.7718372170988321,0.0,intermediate
0.15,0.05,0.005,0.8,0.16,0.55,0.5112608807598698,0.9763105557818663,1.0,0.0,1.0,0.5255990698884567,0.9908537291504635,1.0,0.0,0.9881552778909332,0.0,adaptive_zone
0.15,0.05,0.005,0.8,0.16,0.75,0.5112608807598698,0.9763105557818663,1.0,0.0,1.0,0.5255990698884567,0.9908537291504635,1.0,0.0,0.9881552778909332,0.0,adaptive_zone
0.15,0.05,0.005,1.2,0.04,0.15,0.15761648296237615,0.09978138874751778,1.0,0.2920307972787951,0.026,0.15031874759601854,0.08499165405808869,1.0,0.30464656859120576,0.5498906943737589,0.0,capacity_suppression
0.15,0.05,0.005,1.2,0.04,0.35,0.3535490116610183,0.5508300133358539,1.0,0.13013087636535015,1.0,0.3505194877106974,0.541137755681222,1.0,0.14193968693230527,0.775415006667927,0.0,intermediate
0.15,0.05,0.005,1.2,0.04,0.55,0.5112608807598698,0.9763105557818663,1.0,0.0,1.0,0.5255990698884567,0.9908537291504635,1.0,0.0,0.9881552778909332,0.0,adaptive_zone
0.15,0.05,0.005,1.2,0.04,0.75,0.5112608807598698,0.9763105557818663,1.0,0.0,1.0,0.5255990698884567,0.9908537291504635,1.0,0.0,0.9881552778909332,0.0,adaptive_zone
0.15,0.05,0.005,1.2,0.08,0.15,0.1538083350118219,0.0922581033055281,1.0,0.29514144070271936,0.013,0.1501576836599216,0.08482292130298373,1.0,0.3046541862529584,0.546129051652764,0.0,capacity_suppression
0.15,0.05,0.005,1.2,0.08,0.35,0.351775944710427,0.5451071763606504,1.0,0.1315595008860135,1.0,0.3502592898788566,0.5402709892641708,1.0,0.1420548336438504,0.7725535881803252,0.0,intermediate
0.15,0.05,0.005,1.2,0.08,0.55,0.5112608807598698,0.9763105557818663,1.0,0.0,1.0,0.5255990698884567,0.9908537291504635,1.0,0.0,0.9881552778909332,0.0,adaptive_zone
0.15,0.05,0.005,1.2,0.08,0.75,0.5112608807598698,0.9763105557818663,1.0,0.0,1.0,0.5255990698884567,0.9908537291504635,1.0,0.0,0.9881552778909332,0.0,adaptive_zone
0.15,0.05,0.005,1.2,0.16,0.15,0.15190418026369354,0.08849800455381665,1.0,0.2966961570464991,0.006,0.15007842049350623,0.08473998225980899,1.0,0.3046562949120072,0.5442490022769083,0.0,capacity_suppression
0.15,0.05,0.005,1.2,0.16,0.35,0.35088832477931253,0.5422402400712212,1.0,0.1322738852081907,1.0,0.3501295305496024,0.5398388346911991,1.0,0.1421112398020749,0.7711201200356106,0.0,intermediate
0.15,0.05,0.005,1.2,0.16,0.55,0.5112608807598698,0.9763105557818663,1.0,0.0,1.0,0.5255990698884567,0.9908537291504635,1.0,0.0,0.9881552778909332,0.0,adaptive_zone
0.15,0.05,0.005,1.2,0.16,0.75,0.5112608807598698,0.9763105557818663,1.0,0.0,1.0,0.5255990698884567,0.9908537291504635,1.0,0.0,0.9881552778909332,0.0,adaptive_zone
0.15,0.05,0.025,0.4,0.04,0.15,0.17284381164150311,0.1299425319129665,0.7698560432069705,0.8387270143062798,0.079,0.15099727299073207,0.0857054262753324,0.5699711873985223,0.9137125747404958,0.44989928755996855,0.23014395679302946,homeostatic_trap
0.15,0.05,0.025,0.4,0.04,0.35,0.3606102491603087,0.5736124571479915,0.9999999982541917,0.3732653877194951,1.0,0.35156915287439683,0.5446369683961607,0.9999991145871289,0.42434720029737166,0.7868062277010917,1.745808275721572e-09,intermediate
0.15,0.05,0.025,0.4,0.04,0.55,0.5112608807598698,0.9763105557818663,1.0,0.0,1.0,0.5255990698884567,0.9908537291504635,1.0,0.0,0.9881552778909332,0.0,adaptive_zone
0.15,0.05,0.025,0.4,0.04,0.75,0.5112608807598698,0.9763105557818663,1.0,0.0,1.0,0.5255990698884567,0.9908537291504635,1.0,0.0,0.9881552778909332,0.0,adaptive_zone
0.15,0.05,0.025,0.4,0.08,0.15,0.16142427517637328,0.1073112772786126,0.7490520500004509,0.8667561497804177,0.039,0.15048321312687601,0.0851642263682873,0.557814423019683,0.913903357059713,0.42818166363953175,0.25094794999954906,homeostatic_trap
0.15,0.05,0.025,0.4,0.08,0.35,0.3553190877999669,0.5565419632923496,0.9999995855334511,0.38610788186520495,1.0,0.35078058239299764,0.5420077689990356,0.9999598972935141,0.4254645774059147,0.7782707744129004,4.1446654885923806e-07,intermediate
0.15,0.05,0.025,0.4,0.08,0.55,0.5112608807598698,0.9763105557818663,1.0,0.0,1.0,0.5255990698884567,0.9908537291504635,1.0,0.0,0.9881552778909332,0.0,adaptive_zone
0.15,0.05,0.025,0.4,0.08,0.75,0.5112608807598698,0.9763105557818663,1.0,0.0,1.0,0.5255990698884567,0.9908537291504635,1.0,0.0,0.9881552778909332,0.0,adaptive_zone
0.15,0.05,0.025,0.4,0.16,0.15,0.15571244290742936,0.09601898268585939,0.7382476686208409,0.8807589314623087,0.019,0.15023779179019447,0.08490681024664234,0.5520967922153347,0.9139528185022696,0.41713332565335015,0.2617523313791591,homeostatic_trap
0.15,0.05,0.025,0.4,0.16,0.35,0.35266284501688766,0.547970029148106,0.9999988549016527,0.39253545879872576,1.0,0.35038927602729125,0.5407039643734789,0.9999204813102185,0.42599291853766774,0.7739844420248794,1.145098347254958e-06,intermediate
0.15,0.05,0.025,0.4,0.16,0.55,0.5112608807598698,0.9763105557818663,1.0,0.0,1.0,0.5255990698884567,0.9908537291504635,1.0,0.0,0.9881552778909332,0.0,adaptive_zone
0.15,0.05,0.025,0.4,0.16,0.75,0.5112608807598698,0.9763105557818663,1.0,0.0,1.0,0.5255990698884567,0.9908537291504635,1.0,0.0,0.9881552778909332,0.0,adaptive_zone
0.15,0.05,0.025,0.8,0.04,0.15,0.16142427517637328,0.1073112772786126,0.9493938459015626,0.43337807489020885,0.039,0.15048321312687601,0.0851642263682873,0.896303668386638,0.4569516785298565,0.5283525615900876,0.050606154098437384,capacity_suppression
0.15,0.05,0.025,0.8,0.04,0.35,0.3553190877999669,0.5565419632923496,1.0,0.19305394093260247,1.0,0.35078058239299764,0.5420077689990356,1.0,0.21273228870295735,0.7782709816461748,0.0,intermediate
0.15,0.05,0.025,0.8,0.04,0.55,0.5112608807598698,0.9763105557818663,1.0,0.0,1.0,0.5255990698884567,0.9908537291504635,1.0,0.0,0.9881552778909332,0.0,adaptive_zone
0.15,0.05,0.025,0.8,0.04,0.75,0.5112608807598698,0.9763105557818663,1.0,0.0,1.0,0.5255990698884567,0.9908537291504635,1.0,0.0,0.9881552778909332,0.0,adaptive_zone
0.15,0.05,0.025,0.8,0.08,0.15,0.15571244290742936,0.09601898268585939,0.9452529177133995,0.44037946573115433,0.019,0.15023779179019447,0.08490681024664234,0.8930038885347479,0.4569764092511348,0.5206359501996294,0.054747082286600524,capacity_suppression
0.15,0.05,0.025,0.8,0.08,0.35,0.35266284501688766,0.547970029148106,1.0,0.19626772939936288,1.0,0.35038927602729125,0.5407039643734789,1.0,0.21299645926883387,0.773985014574053,0.0,intermediate
0.15,0.05,0.025,0.8,0.08,0.55,0.5112608807598698,0.9763105557818663,1.0,0.0,1.0,0.5255990698884567,0.9908537291504635,1.0,0.0,0.9881552778909332,0.0,adaptive_zone
0.15,0.05,0.025,0.8,0.08,0.75,0.5112608807598698,0.9763105557818663,1.0,0.0,1.0,0.5255990698884567,0.9908537291504635,1.0,0.0,0.9881552778909332,0.0,adaptive_zone
0.15,0.05,0.025,0.8,0.16,0.15,0.15285626218471596,0.09037807551702569,0.9431272730030008,0.44387828008348623,0.01,0.15011794662427752,0.08478133335149939,0.8913955858102808,0.4569830780946688,0.5167526742600133,0.05687272699699919,capacity_suppression
0.15,0.05,0.025,0.8,0.16,0.35,0.35133222382206614,0.5436744341976644,1.0,0.19787503849711113,1.0,0.35019438178402407,0.5400548091479578,1.0,0.2131247104451385,0.7718372170988321,0.0,intermediate
0.15,0.05,0.025,0.8,0.16,0.55,0.5112608807598698,0.9763105557818663,1.0,0.0,1.0,0.5255990698884567,0.9908537291504635,1.0,0.0,0.9881552778909332,0.0,adaptive_zone
0.15,0.05,0.025,0.8,0.16,0.75,0.5112608807598698,0.9763105557818663,1.0,0.0,1.0,0.5255990698884567,0.9908537291504635,1.0,0.0,0.9881552778909332,0.0,adaptive_zone
0.15,0.05,0.025,1.2,0.04,0.15,0.15761648296237615,0.09978138874751778,1.0,0.2920307972787951,0.026,0.15031874759601854,0.08499165405808869,1.0,0.30464656859120576,0.5498906943737589,0.0,capacity_suppression
0.15,0.05,0.025,1.2,0.04,0.35,0.3535490116610183,0.5508300133358539,1.0,0.13013087636535015,1.0,0.3505194877106974,0.541137755681222,1.0,0.14193968693230527,0.775415006667927,0.0,intermediate
0.15,0.05,0.025,1.2,0.04,0.55,0.5112608807598698,0.9763105557818663,1.0,0.0,1.0,0.5255990698884567,0.9908537291504635,1.0,0.0,0.9881552778909332,0.0,adaptive_zone
0.15,0.05,0.025,1.2,0.04,0.75,0.5112608807598698,0.9763105557818663,1.0,0.0,1.0,0.5255990698884567,0.9908537291504635,1.0,0.0,0.9881552778909332,0.0,adaptive_zone
0.15,0.05,0.025,1.2,0.08,0.15,0.1538083350118219,0.0922581033055281,1.0,0.29514144070271936,0.013,0.1501576836599216,0.08482292130298373,1.0,0.3046541862529584,0.546129051652764,0.0,capacity_suppression
0.15,0.05,0.025,1.2,0.08,0.35,0.351775944710427,0.5451071763606504,1.0,0.1315595008860135,1.0,0.3502592898788566,0.5402709892641708,1.0,0.1420548336438504,0.7725535881803252,0.0,intermediate
0.15,0.05,0.025,1.2,0.08,0.55,0.5112608807598698,0.9763105557818663,1.0,0.0,1.0,0.5255990698884567,0.9908537291504635,1.0,0.0,0.9881552778909332,0.0,adaptive_zone
0.15,0.05,0.025,1.2,0.08,0.75,0.5112608807598698,0.9763105557818663,1.0,0.0,1.0,0.5255990698884567,0.9908537291504635,1.0,0.0,0.9881552778909332,0.0,adaptive_zone
0.15,0.05,0.025,1.2,0.16,0.15,0.15190418026369354,0.08849800455381665,1.0,0.2966961570464991,0.006,0.15007842049350623,0.08473998225980899,1.0,0.3046562949120072,0.5442490022769083,0.0,capacity_suppression
0.15,0.05,0.025,1.2,0.16,0.35,0.35088832477931253,0.5422402400712212,1.0,0.1322738852081907,1.0,0.3501295305496024,0.5398388346911991,1.0,0.1421112398020749,0.7711201200356106,0.0,intermediate
0.15,0.05,0.025,1.2,0.16,0.55,0.5112608807598698,0.9763105557818663,1.0,0.0,1.0,0.5255990698884567,0.9908537291504635,1.0,0.0,0.9881552778909332,0.0,adaptive_zone
0.15,0.05,0.025,1.2,0.16,0.75,0.5112608807598698,0.9763105557818663,1.0,0.0,1.0,0.5255990698884567,0.9908537291504635,1.0,0.0,0.9881552778909332,0.0,adaptive_zone
0.15,0.05,0.06,0.4,0.04,0.15,0.17284381164150311,0.1299425319129665,0.7822912360342389,0.8387270143062798,0.079,0.15099727299073207,0.0857054262753324,0.5878307990996736,0.9137125747404958,0.4561168839736027,0.2177087639657611,homeostatic_trap
0.15,0.05,0.06,0.4,0.04,0.35,0.3606102491603087,0.5736124571479915,1.0,0.3732653877194951,1.0,0.35156915287439683,0.5446369683961607,1.0,0.42434720029737166,0.7868062285739957,0.0,intermediate
0.15,0.05,0.06,0.4,0.04,0.55,0.5112608807598698,0.9763105557818663,1.0,0.0,1.0,0.5255990698884567,0.9908537291504635,1.0,0.0,0.9881552778909332,0.0,adaptive_zone
0.15,0.05,0.06,0.4,0.04,0.75,0.5112608807598698,0.9763105557818663,1.0,0.0,1.0,0.5255990698884567,0.9908537291504635,1.0,0.0,0.9881552778909332,0.0,adaptive_zone
0.15,0.05,0.06,0.4,0.08,0.15,0.16142427517637328,0.1073112772786126,0.7602631637418094,0.8667561497804177,0.039,0.15048321312687601,0.0851642263682873,0.574793767129452,0.913903357059713,0.43378722051021096,0.23973683625819064,homeostatic_trap
0.15,0.05,0.06,0.4,0.08,0.35,0.3553190877999669,0.5565419632923496,1.0,0.38610788186520495,1.0,0.35078058239299764,0.5420077689990356,1.0,0.4254645774059147,0.7782709816461748,0.0,intermediate
0.15,0.05,0.06,0.4,0.08,0.55,0.5112608807598698,0.9763105557818663,1.0,0.0,1.0,0.5255990698884567,0.9908537291504635,1.0,0.0,0.9881552778909332,0.0,adaptive_zone
0.15,0.05,0.06,0.4,0.08,0.75,0.5112608807598698,0.9763105557818663,1.0,0.0,1.0,0.5255990698884567,0.9908537291504635,1.0,0.0,0.9881552778909332,0.0,adaptive_zone
0.15,0.05,0.06,0.4,0.16,0.15,0.15571244290742936,0.09601898268585939,0.7488342768169309,0.8807589314623087,0.019,0.15023779179019447,0.08490681024664234,0.5686924712538008,0.9139528185022696,0.42242662975139517,0.25116572318306907,homeostatic_trap
0.15,0.05,0.06,0.4,0.16,0.35,0.35266284501688766,0.547970029148106,1.0,0.39253545879872576,1.0,0.35038927602729125,0.5407039643734789,1.0,0.42599291853766774,0.773985014574053,0.0,intermediate
0.15,0.05,0.06,0.4,0.16,0.55,0.5112608807598698,0.9763105557818663,1.0,0.0,1.0,0.5255990698884567,0.9908537291504635,1.0,0.0,0.9881552778909332,0.0,adaptive_zone
0.15,0.05,0.06,0.4,0.16,0.75,0.5112608807598698,0.9763105557818663,1.0,0.0,1.0,0.5255990698884567,0.9908537291504635,1.0,0.0,0.9881552778909332,0.0,adaptive_zone
0.15,0.05,0.06,0.8,0.04,0.15,0.16142427517637328,0.1073112772786126,0.9606290809883081,0.43337807489020885,0.039,0.15048321312687601,0.0851642263682873,0.9173887374048797,0.4569516785298565,0.5339701791334603,0.039370919011691874,capacity_suppression
0.15,0.05,0.06,0.8,0.04,0.35,0.3553190877999669,0.5565419632923496,1.0,0.19305394093260247,1.0,0.35078058239299764,0.5420077689990356,1.0,0.21273228870295735,0.7782709816461748,0.0,intermediate
0.15,0.05,0.06,0.8,0.04,0.55,0.5112608807598698,0.9763105557818663,1.0,0.0,1.0,0.5255990698884567,0.9908537291504635,1.0,0.0,0.9881552778909332,0.0,adaptive_zone
0.15,0.05,0.06,0.8,0.04,0.75,0.5112608807598698,0.9763105557818663,1.0,0.0,1.0,0.5255990698884567,0.9908537291504635,1.0,0.0,0.9881552778909332,0.0,adaptive_zone
0.15,0.05,0.06,0.8,0.08,0.15,0.15571244290742936,0.09601898268585939,0.9568774319059737,0.44037946573115433,0.019,0.15023779179019447,0.08490681024664234,0.9143167583605452,0.4569764092511348,0.5264482072959166,0.04312256809402626,capacity_suppression
0.15,0.05,0.06,0.8,0.08,0.35,0.35266284501688766,0.547970029148106,1.0,0.19626772939936288,1.0,0.35038927602729125,0.5407039643734789,1.0,0.21299645926883387,0.773985014574053,0.0,intermediate
0.15,0.05,0.06,0.8,0.08,0.55,0.5112608807598698,0.9763105557818663,1.0,0.0,1.0,0.5255990698884567,0.9908537291504635,1.0,0.0,0.9881552778909332,0.0,adaptive_zone
0.15,0.05,0.06,0.8,0.08,0.75,0.5112608807598698,0.9763105557818663,1.0,0.0,1.0,0.5255990698884567,0.9908537291504635,1.0,0.0,0.9881552778909332,0.0,adaptive_zone
0.15,0.05,0.06,0.8,0.16,0.15,0.15285626218471596,0.09037807551702569,0.9549453075134531,0.44387828008348623,0.01,0.15011794662427752,0.08478133335149939,0.9128228590431428,0.4569830780946688,0.5226616915152393,0.04505469248654692,capacity_suppression
0.15,0.05,0.06,0.8,0.16,0.35,0.35133222382206614,0.5436744341976644,1.0,0.19787503849711113,1.0,0.35019438178402407,0.5400548091479578,1.0,0.2131247104451385,0.7718372170988321,0.0,intermediate
0.15,0.05,0.06,0.8,0.16,0.55,0.5112608807598698,0.9763105557818663,1.0,0.0,1.0,0.5255990698884567,0.9908537291504635,1.0,0.0,0.9881552778909332,0.0,adaptive_zone
0.15,0.05,0.06,0.8,0.16,0.75,0.5112608807598698,0.9763105557818663,1.0,0.0,1.0,0.5255990698884567,0.9908537291504635,1.0,0.0,0.9881552778909332,0.0,adaptive_zone
0.15,0.05,0.06,1.2,0.04,0.15,0.15761648296237615,0.09978138874751778,1.0,0.2920307972787951,0.026,0.15031874759601854,0.08499165405808869,1.0,0.30464656859120576,0.5498906943737589,0.0,capacity_suppression
0.15,0.05,0.06,1.2,0.04,0.35,0.3535490116610183,0.5508300133358539,1.0,0.13013087636535015,1.0,0.3505194877106974,0.541137755681222,1.0,0.14193968693230527,0.775415006667927,0.0,intermediate
0.15,0.05,0.06,1.2,0.04,0.55,0.5112608807598698,0.9763105557818663,1.0,0.0,1.0,0.5255990698884567,0.9908537291504635,1.0,0.0,0.9881552778909332,0.0,adaptive_zone
0.15,0.05,0.06,1.2,0.04,0.75,0.5112608807598698,0.9763105557818663,1.0,0.0,1.0,0.5255990698884567,0.9908537291504635,1.0,0.0,0.9881552778909332,0.0,adaptive_zone
0.15,0.05,0.06,1.2,0.08,0.15,0.1538083350118219,0.0922581033055281,1.0,0.29514144070271936,0.013,0.1501576836599216,0.08482292130298373,1.0,0.3046541862529584,0.546129051652764,0.0,capacity_suppression
0.15,0.05,0.06,1.2,0.08,0.35,0.351775944710427,0.5451071763606504,1.0,0.1315595008860135,1.0,0.3502592898788566,0.5402709892641708,1.0,0.1420548336438504,0.7725535881803252,0.0,intermediate
0.15,0.05,0.06,1.2,0.08,0.55,0.5112608807598698,0.9763105557818663,1.0,0.0,1.0,0.5255990698884567,0.9908537291504635,1.0,0.0,0.9881552778909332,0.0,adaptive_zone
0.15,0.05,0.06,1.2,0.08,0.75,0.5112608807598698,0.9763105557818663,1.0,0.0,1.0,0.5255990698884567,0.9908537291504635,1.0,0.0,0.9881552778909332,0.0,adaptive_zone
0.15,0.05,0.06,1.2,0.16,0.15,0.15190418026369354,0.08849800455381665,1.0,0.2966961570464991,0.006,0.15007842049350623,0.08473998225980899,1.0,0.3046562949120072,0.5442490022769083,0.0,capacity_suppression
0.15,0.05,0.06,1.2,0.16,0.35,0.35088832477931253,0.5422402400712212,1.0,0.1322738852081907,1.0,0.3501295305496024,0.5398388346911991,1.0,0.1421112398020749,0.7711201200356106,0.0,intermediate
0.15,0.05,0.06,1.2,0.16,0.55,0.5112608807598698,0.9763105557818663,1.0,0.0,1.0,0.5255990698884567,0.9908537291504635,1.0,0.0,0.9881552778909332,0.0,adaptive_zone
0.15,0.05,0.06,1.2,0.16,0.75,0.5112608807598698,0.9763105557818663,1.0,0.0,1.0,0.5255990698884567,0.9908537291504635,1.0,0.0,0.9881552778909332,0.0,adaptive_zone
